country,sex,year,not_classified_percentage
dza,mf,2001,1.399999976158142
dza,m,2001,0.800000011920929
dza,f,2001,4.599999904632568
dza,mf,2003,0.20000000298023224
dza,m,2003,0.20000000298023224
dza,f,2003,0.4000000059604645
dza,mf,2004,0.30000001192092896
dza,m,2004,0.4000000059604645
dza,f,2004,0.30000001192092896
dza,mf,2005,27.399999618530273
dza,m,2005,29.5
dza,f,2005,14.899999618530273
ago,mf,2009,0.20000000298023224
aia,mf,1999,9.300000190734863
aia,m,1999,10.199999809265137
aia,f,1999,8.300000190734863
aia,mf,2001,10.5
aia,m,2001,13.600000381469727
aia,f,2001,6.900000095367432
atg,mf,1991,1.399999976158142
atg,m,1991,1.399999976158142
atg,f,1991,1.2999999523162842
atg,mf,2001,8.600000381469727
atg,m,2001,8.699999809265137
atg,f,2001,8.5
arg,mf,1996,0.10000000149011612
arg,m,1996,0.10000000149011612
arg,f,1996,0.10000000149011612
arg,mf,1997,0.10000000149011612
arg,m,1997,0.10000000149011612
arg,f,1997,0.10000000149011612
arg,mf,1998,0.10000000149011612
arg,m,1998,0.10000000149011612
arg,f,1998,0.10000000149011612
arg,mf,1999,0.0
arg,m,1999,0.0
arg,f,1999,0.0
arg,mf,2000,0.10000000149011612
arg,m,2000,0.10000000149011612
arg,f,2000,0.10000000149011612
arg,mf,2001,0.0
arg,m,2001,0.0
arg,f,2001,0.10000000149011612
arg,mf,2002,0.0
arg,m,2002,0.0
arg,f,2002,0.0
arg,mf,2003,0.10000000149011612
arg,m,2003,0.10000000149011612
arg,f,2003,0.10000000149011612
arg,mf,2008,0.0
arg,m,2008,0.0
arg,f,2008,0.0
arg,mf,2009,0.0
arg,m,2009,0.0
arg,f,2009,0.0
arg,mf,2012,0.0
arg,m,2012,0.0
arg,f,2012,0.0
arm,mf,2007,0.10000000149011612
arm,mf,2008,12.100000381469727
arm,m,2008,7.300000190734863
arm,f,2008,17.899999618530273
arm,mf,2009,17.399999618530273
arm,m,2009,11.0
arm,f,2009,24.899999618530273
arm,mf,2010,15.199999809265137
arm,m,2010,9.399999618530273
arm,f,2010,22.0
arm,mf,2011,14.0
arm,m,2011,9.600000381469727
arm,f,2011,18.899999618530273
arm,mf,2012,14.399999618530273
arm,m,2012,9.100000381469727
arm,f,2012,20.100000381469727
abw,mf,1991,0.30000001192092896
abw,m,1991,0.30000001192092896
abw,f,1991,0.20000000298023224
abw,mf,1994,0.20000000298023224
abw,m,1994,0.20000000298023224
abw,f,1994,0.20000000298023224
abw,mf,1997,0.10000000149011612
abw,mf,2000,0.30000001192092896
abw,m,2000,0.30000001192092896
abw,f,2000,0.30000001192092896
abw,mf,2007,0.4000000059604645
abw,m,2007,0.5
abw,f,2007,0.20000000298023224
abw,mf,2010,1.0
abw,m,2010,0.6000000238418579
abw,f,2010,1.399999976158142
aut,mf,2004,0.0
aut,m,2004,0.0
aut,f,2004,0.0
bhs,mf,1991,1.0
bhs,m,1991,0.8999999761581421
bhs,f,1991,1.0
bhs,mf,1992,1.100000023841858
bhs,m,1992,1.2000000476837158
bhs,f,1992,1.100000023841858
bhs,mf,1993,1.7000000476837158
bhs,m,1993,1.7000000476837158
bhs,f,1993,1.7000000476837158
bhs,mf,1994,0.800000011920929
bhs,m,1994,0.8999999761581421
bhs,f,1994,0.6000000238418579
bhs,mf,1995,0.5
bhs,m,1995,0.6000000238418579
bhs,f,1995,0.5
bhs,mf,1996,1.7999999523162842
bhs,m,1996,2.0
bhs,f,1996,1.399999976158142
bhs,mf,1997,0.4000000059604645
bhs,m,1997,0.4000000059604645
bhs,f,1997,0.4000000059604645
bhs,mf,1998,0.30000001192092896
bhs,m,1998,0.5
bhs,f,1998,0.20000000298023224
bhs,mf,1999,0.8999999761581421
bhs,m,1999,1.100000023841858
bhs,f,1999,0.699999988079071
bhs,mf,2001,1.0
bhs,m,2001,1.0
bhs,f,2001,1.0
bhs,mf,2002,0.6000000238418579
bhs,m,2002,0.699999988079071
bhs,f,2002,0.4000000059604645
bhs,mf,2003,0.5
bhs,m,2003,0.699999988079071
bhs,f,2003,0.30000001192092896
bhs,mf,2004,0.6000000238418579
bhs,m,2004,0.6000000238418579
bhs,f,2004,0.6000000238418579
bhs,mf,2008,0.0
bhs,m,2008,0.0
bhs,f,2008,0.10000000149011612
bhs,mf,2011,0.4000000059604645
bhs,m,2011,0.4000000059604645
bhs,f,2011,0.30000001192092896
bhr,mf,2004,0.30000001192092896
bhr,m,2004,0.30000001192092896
bhr,f,2004,0.30000001192092896
bgd,mf,1996,17.899999618530273
bgd,m,1996,25.100000381469727
bgd,f,1996,6.199999809265137
bgd,mf,2000,18.299999237060547
bgd,m,2000,24.899999618530273
bgd,f,2000,7.400000095367432
bgd,mf,2003,2.799999952316284
bgd,m,2003,2.299999952316284
bgd,f,2003,4.300000190734863
bgd,mf,2005,0.8999999761581421
bgd,m,2005,0.6000000238418579
bgd,f,2005,1.7000000476837158
bgd,mf,2010,22.700000762939453
bgd,m,2010,28.299999237060547
bgd,f,2010,9.600000381469727
bgd,mf,2011,10.199999809265137
bgd,m,2011,10.100000381469727
bgd,f,2011,11.100000381469727
brb,mf,1994,0.4000000059604645
brb,m,1994,0.5
brb,f,1994,0.20000000298023224
brb,mf,1995,0.5
brb,m,1995,0.5
brb,f,1995,0.20000000298023224
brb,mf,1996,1.100000023841858
brb,m,1996,1.0
brb,f,1996,1.2999999523162842
brb,mf,1997,0.800000011920929
brb,m,1997,0.800000011920929
brb,f,1997,0.8999999761581421
brb,mf,1998,0.8999999761581421
brb,m,1998,1.100000023841858
brb,f,1998,0.699999988079071
brb,mf,1999,0.6000000238418579
brb,m,1999,0.8999999761581421
brb,f,1999,0.30000001192092896
brb,mf,2000,0.5
brb,m,2000,0.4000000059604645
brb,f,2000,0.30000001192092896
brb,mf,2001,0.4000000059604645
brb,m,2001,0.6000000238418579
brb,f,2001,0.20000000298023224
brb,mf,2002,0.4000000059604645
brb,m,2002,0.699999988079071
brb,f,2002,0.30000001192092896
brb,mf,2003,0.30000001192092896
brb,m,2003,0.30000001192092896
brb,f,2003,0.20000000298023224
brb,mf,2004,0.4000000059604645
brb,m,2004,0.6000000238418579
brb,f,2004,0.20000000298023224
brb,mf,2013,0.10000000149011612
brb,m,2013,0.20000000298023224
brb,f,2013,0.0
blr,mf,2009,2.700000047683716
blr,m,2009,2.5999999046325684
blr,f,2009,2.799999952316284
bel,mf,1983,0.0
bel,m,1983,0.0
bel,f,1983,0.0
bel,mf,1984,0.0
bel,m,1984,0.0
bel,f,1984,0.0
bel,mf,1985,0.0
bel,m,1985,0.0
bel,f,1985,0.0
bel,mf,2006,0.0
bel,m,2006,0.0
bel,f,2006,0.0
blz,mf,1993,0.20000000298023224
blz,m,1993,0.20000000298023224
blz,f,1993,0.10000000149011612
blz,mf,1994,0.20000000298023224
blz,m,1994,0.10000000149011612
blz,f,1994,0.30000001192092896
blz,mf,1995,0.10000000149011612
blz,m,1995,0.10000000149011612
blz,f,1995,0.10000000149011612
blz,mf,1996,0.30000001192092896
blz,m,1996,0.4000000059604645
blz,f,1996,0.20000000298023224
blz,mf,1997,0.10000000149011612
blz,m,1997,0.10000000149011612
blz,f,1997,0.10000000149011612
blz,mf,1998,0.10000000149011612
blz,m,1998,0.20000000298023224
blz,f,1998,0.10000000149011612
blz,mf,1999,0.10000000149011612
blz,m,1999,0.10000000149011612
blz,f,1999,0.10000000149011612
blz,mf,2005,0.10000000149011612
blz,m,2005,0.10000000149011612
blz,f,2005,0.10000000149011612
ben,mf,2010,3.0
ben,m,2010,3.5999999046325684
ben,f,2010,2.5999999046325684
bmu,mf,2009,0.0
bmu,m,2009,0.0
bmu,f,2009,0.10000000149011612
bmu,mf,2010,0.699999988079071
bmu,m,2010,0.800000011920929
bmu,f,2010,2.5999999046325684
bmu,mf,2012,0.10000000149011612
bmu,m,2012,0.20000000298023224
bmu,f,2012,0.10000000149011612
bol,mf,1999,1.899999976158142
bol,m,1999,0.20000000298023224
bol,f,1999,4.0
bol,mf,2000,2.5999999046325684
bol,m,2000,0.10000000149011612
bol,f,2000,5.699999809265137
bol,mf,2001,3.0999999046325684
bol,m,2001,0.20000000298023224
bol,f,2001,6.5
bol,mf,2002,2.299999952316284
bol,m,2002,0.10000000149011612
bol,f,2002,5.199999809265137
bol,mf,2006,0.0
bol,m,2006,0.0
bol,f,2006,0.0
bol,mf,2007,3.4000000953674316
bol,m,2007,0.30000001192092896
bol,f,2007,7.199999809265137
bwa,mf,1984,0.10000000149011612
bwa,m,1984,0.10000000149011612
bwa,f,1984,0.0
bwa,mf,2010,16.299999237060547
bwa,m,2010,16.0
bwa,f,2010,16.600000381469727
bra,mf,1990,0.0
bra,m,1990,0.0
bra,f,1990,0.0
bra,mf,1992,0.0
bra,m,1992,0.0
bra,f,1992,0.0
bra,mf,1993,0.0
bra,m,1993,0.0
bra,f,1993,0.0
bra,mf,1995,0.0
bra,m,1995,0.0
bra,f,1995,0.0
bra,mf,1996,0.0
bra,m,1996,0.0
bra,f,1996,0.0
bra,mf,2000,3.0999999046325684
bra,m,2000,3.4000000953674316
bra,f,2000,2.5
bra,mf,2001,0.0
bra,m,2001,0.0
bra,f,2001,0.0
bra,mf,2002,0.0
bra,m,2002,0.0
bra,f,2002,0.0
bra,mf,2003,0.0
bra,m,2003,0.0
bra,f,2003,0.0
bra,mf,2004,0.0
bra,m,2004,0.0
bra,f,2004,0.0
bra,mf,2005,4.599999904632568
bra,m,2005,2.700000047683716
bra,f,2005,7.300000190734863
bra,mf,2006,4.699999809265137
bra,m,2006,2.9000000953674316
bra,f,2006,7.0
bra,mf,2007,4.400000095367432
bra,m,2007,3.0
bra,f,2007,6.400000095367432
bra,mf,2008,4.5
bra,m,2008,3.0999999046325684
bra,f,2008,6.400000095367432
bra,mf,2009,4.199999809265137
bra,m,2009,3.0
bra,f,2009,5.699999809265137
bra,mf,2011,4.099999904632568
bra,m,2011,3.4000000953674316
bra,f,2011,5.199999809265137
bra,mf,2012,4.0
bra,m,2012,3.200000047683716
bra,f,2012,5.099999904632568
bra,mf,2013,4.5
bra,m,2013,3.5999999046325684
bra,f,2013,5.599999904632568
vgb,mf,1991,0.6000000238418579
vgb,m,1991,0.6000000238418579
vgb,f,1991,0.5
bgr,mf,2000,0.5
bgr,m,2000,0.6000000238418579
bgr,f,2000,0.5
bgr,mf,2001,0.6000000238418579
bgr,m,2001,0.5
bgr,f,2001,0.699999988079071
bgr,mf,2002,0.5
bgr,m,2002,0.6000000238418579
bgr,f,2002,0.4000000059604645
bgr,mf,2003,0.4000000059604645
bgr,m,2003,0.4000000059604645
bgr,f,2003,0.30000001192092896
bgr,mf,2004,0.30000001192092896
bgr,m,2004,0.4000000059604645
bgr,f,2004,0.20000000298023224
bgr,mf,2005,0.20000000298023224
bgr,m,2005,0.30000001192092896
bgr,f,2005,0.20000000298023224
bfa,mf,1985,0.30000001192092896
bfa,m,1985,0.6000000238418579
bfa,f,1985,0.10000000149011612
bfa,mf,1994,0.800000011920929
bfa,m,1994,1.399999976158142
bfa,f,1994,0.30000001192092896
bfa,mf,2006,2.5
bfa,m,2006,2.5
bfa,f,2006,2.5
bdi,mf,1998,0.30000001192092896
bdi,m,1998,0.5
bdi,f,1998,0.10000000149011612
bdi,mf,2004,0.10000000149011612
bdi,mf,2005,1.0
bdi,mf,2006,1.0
bdi,mf,2007,1.0
bdi,mf,2008,4.0
bdi,m,2008,4.0
bdi,f,2008,4.0
bdi,mf,2009,2.200000047683716
bdi,mf,2010,0.10000000149011612
khm,mf,2000,0.10000000149011612
khm,m,2000,0.20000000298023224
khm,f,2000,0.0
khm,mf,2001,0.10000000149011612
khm,m,2001,0.10000000149011612
khm,f,2001,0.10000000149011612
khm,mf,2004,0.20000000298023224
khm,mf,2008,0.0
khm,m,2008,0.10000000149011612
khm,f,2008,0.0
khm,mf,2009,0.10000000149011612
khm,m,2009,0.10000000149011612
khm,f,2009,0.10000000149011612
khm,mf,2010,0.20000000298023224
khm,m,2010,0.20000000298023224
khm,f,2010,0.30000001192092896
khm,mf,2011,0.10000000149011612
khm,m,2011,0.10000000149011612
khm,f,2011,0.10000000149011612
khm,mf,2012,0.0
khm,m,2012,0.0
khm,f,2012,0.0
cmr,mf,1996,2.0999999046325684
cmr,m,1996,2.9000000953674316
cmr,f,1996,1.2999999523162842
cmr,mf,2001,3.299999952316284
cmr,m,2001,4.199999809265137
cmr,f,2001,2.5
cmr,mf,2010,2.799999952316284
cmr,m,2010,2.700000047683716
cmr,f,2010,3.0
cpv,mf,2000,19.0
cpv,m,2000,17.100000381469727
cpv,f,2000,21.299999237060547
cym,mf,2007,0.5
cym,m,2007,0.5
cym,f,2007,0.5
cym,mf,2008,0.699999988079071
cym,m,2008,0.699999988079071
cym,f,2008,0.6000000238418579
cym,mf,2011,0.6000000238418579
cym,m,2011,0.6000000238418579
cym,f,2011,0.699999988079071
cym,mf,2012,0.30000001192092896
cym,m,2012,0.30000001192092896
cym,f,2012,0.30000001192092896
tcd,mf,1993,1.2000000476837158
tcd,m,1993,1.2999999523162842
tcd,f,1993,1.100000023841858
chl,mf,1990,1.899999976158142
chl,m,1990,1.399999976158142
chl,f,1990,2.9000000953674316
chl,mf,1992,1.600000023841858
chl,m,1992,1.2000000476837158
chl,f,1992,2.5999999046325684
chl,mf,1994,1.2999999523162842
chl,m,1994,0.699999988079071
chl,f,1994,2.4000000953674316
col,mf,2008,0.0
col,m,2008,0.0
col,f,2008,0.0
col,mf,2009,0.10000000149011612
col,m,2009,0.10000000149011612
col,f,2009,0.10000000149011612
col,mf,2010,0.10000000149011612
col,m,2010,0.10000000149011612
col,f,2010,0.10000000149011612
col,mf,2011,0.10000000149011612
col,m,2011,0.0
col,f,2011,0.20000000298023224
col,mf,2012,0.10000000149011612
col,m,2012,0.10000000149011612
col,f,2012,0.20000000298023224
col,mf,2013,0.10000000149011612
col,m,2013,0.10000000149011612
col,f,2013,0.20000000298023224
cog,mf,2005,2.0999999046325684
cog,m,2005,2.799999952316284
cog,f,2005,1.5
civ,mf,2002,4.099999904632568
civ,m,2002,4.599999904632568
civ,f,2002,3.4000000953674316
civ,mf,2012,1.5
civ,m,2012,1.5
civ,f,2012,1.399999976158142
cze,mf,1998,0.0
cze,m,1998,0.0
cze,f,1998,0.0
cze,mf,2000,0.0
cze,m,2000,0.0
cze,f,2000,0.0
cze,mf,2001,0.0
cze,m,2001,0.0
cze,f,2001,0.0
cze,mf,2002,0.0
cze,m,2002,0.0
cze,f,2002,0.0
cze,mf,2003,0.0
cze,m,2003,0.0
cze,f,2003,0.0
cze,mf,2004,0.0
cze,m,2004,0.0
cze,f,2004,0.0
cze,mf,2005,0.0
cze,m,2005,0.0
cze,f,2005,0.0
cze,mf,2006,0.0
cze,m,2006,0.0
cze,f,2006,0.0
cze,mf,2007,0.0
cze,m,2007,0.0
cze,f,2007,0.0
cze,mf,2008,0.0
cze,m,2008,0.0
cze,f,2008,0.0
cze,mf,2010,0.0
cze,m,2010,0.0
cze,f,2010,0.0
dnk,mf,1984,0.0
dnk,m,1984,0.0
dnk,f,1984,0.0
dnk,mf,1993,0.0
dnk,m,1993,0.0
dnk,f,1993,0.0
dnk,mf,1994,0.10000000149011612
dnk,m,1994,0.10000000149011612
dnk,f,1994,0.10000000149011612
dnk,mf,1999,0.0
dnk,m,1999,0.0
dnk,f,1999,0.0
dnk,mf,2000,0.0
dnk,m,2000,0.10000000149011612
dnk,f,2000,0.0
dnk,mf,2002,0.0
dnk,m,2002,0.0
dnk,f,2002,0.0
dnk,mf,2003,0.0
dnk,m,2003,0.10000000149011612
dnk,f,2003,0.0
dnk,mf,2004,0.0
dnk,m,2004,0.0
dnk,f,2004,0.0
dnk,mf,2005,0.0
dnk,m,2005,0.0
dnk,f,2005,0.0
dnk,mf,2006,0.0
dnk,m,2006,0.0
dnk,f,2006,0.0
dnk,mf,2010,0.0
dnk,m,2010,0.0
dnk,f,2010,0.0
dnk,mf,2011,0.0
dnk,m,2011,0.0
dnk,f,2011,0.0
dnk,mf,2012,0.0
dnk,m,2012,0.0
dnk,f,2012,0.0
dnk,mf,2013,0.0
dnk,m,2013,0.0
dnk,f,2013,0.0
dnk,mf,2014,0.0
dnk,m,2014,0.0
dnk,f,2014,0.0
dma,mf,1991,2.200000047683716
dma,m,1991,2.4000000953674316
dma,f,1991,1.7000000476837158
dma,mf,1997,0.5
dma,m,1997,0.800000011920929
dma,f,1997,0.20000000298023224
dma,mf,1999,0.699999988079071
dma,m,1999,0.6000000238418579
dma,f,1999,0.699999988079071
dma,mf,2001,0.800000011920929
dma,m,2001,0.8999999761581421
dma,f,2001,0.6000000238418579
dom,mf,2010,17.799999237060547
dom,m,2010,8.399999618530273
dom,f,2010,30.700000762939453
ecu,mf,1988,5.599999904632568
ecu,m,1988,0.4000000059604645
ecu,f,1988,15.399999618530273
ecu,mf,1989,4.900000095367432
ecu,m,1989,0.6000000238418579
ecu,f,1989,12.399999618530273
ecu,mf,1990,4.5
ecu,m,1990,0.6000000238418579
ecu,f,1990,11.600000381469727
ecu,mf,1991,4.800000190734863
ecu,m,1991,0.6000000238418579
ecu,f,1991,12.0
ecu,mf,1992,4.300000190734863
ecu,m,1992,0.6000000238418579
ecu,f,1992,10.300000190734863
ecu,mf,1993,4.5
ecu,m,1993,0.4000000059604645
ecu,f,1993,11.0
ecu,mf,1994,4.699999809265137
ecu,m,1994,0.30000001192092896
ecu,f,1994,11.800000190734863
ecu,mf,1995,4.800000190734863
ecu,m,1995,0.6000000238418579
ecu,f,1995,11.399999618530273
ecu,mf,1996,4.800000190734863
ecu,m,1996,0.6000000238418579
ecu,f,1996,11.600000381469727
ecu,mf,1997,5.0
ecu,m,1997,0.699999988079071
ecu,f,1997,12.300000190734863
ecu,mf,1998,5.5
ecu,m,1998,0.8999999761581421
ecu,f,1998,12.800000190734863
ecu,mf,1999,0.0
ecu,m,1999,0.0
ecu,f,1999,0.0
ecu,mf,2001,0.4000000059604645
ecu,m,2001,0.20000000298023224
ecu,f,2001,0.699999988079071
ecu,mf,2013,0.0
ecu,m,2013,0.0
ecu,f,2013,0.0
slv,mf,1993,1.2000000476837158
slv,m,1993,1.2999999523162842
slv,f,1993,1.100000023841858
slv,mf,1994,0.800000011920929
slv,m,1994,1.2000000476837158
slv,f,1994,0.10000000149011612
slv,mf,1995,4.699999809265137
slv,m,1995,1.7000000476837158
slv,f,1995,9.699999809265137
slv,mf,1996,5.0
slv,m,1996,1.2999999523162842
slv,f,1996,11.100000381469727
slv,mf,1997,4.699999809265137
slv,m,1997,0.8999999761581421
slv,f,1997,11.100000381469727
slv,mf,1998,0.10000000149011612
slv,m,1998,0.20000000298023224
slv,f,1998,0.10000000149011612
slv,mf,1999,0.10000000149011612
slv,m,1999,0.10000000149011612
slv,f,1999,0.10000000149011612
slv,mf,2000,4.800000190734863
slv,m,2000,1.100000023841858
slv,f,2000,10.100000381469727
slv,mf,2001,5.199999809265137
slv,m,2001,1.399999976158142
slv,f,2001,10.800000190734863
slv,mf,2002,5.099999904632568
slv,m,2002,1.899999976158142
slv,f,2002,9.399999618530273
slv,mf,2003,5.099999904632568
slv,m,2003,1.7000000476837158
slv,f,2003,10.0
slv,mf,2004,5.099999904632568
slv,m,2004,1.2999999523162842
slv,f,2004,10.600000381469727
slv,mf,2005,4.800000190734863
slv,m,2005,1.399999976158142
slv,f,2005,9.399999618530273
slv,mf,2006,5.5
slv,m,2006,1.600000023841858
slv,f,2006,10.600000381469727
slv,mf,2007,0.20000000298023224
slv,m,2007,0.4000000059604645
slv,f,2007,0.0
slv,mf,2008,0.30000001192092896
slv,m,2008,0.5
slv,f,2008,0.10000000149011612
slv,mf,2009,0.0
slv,m,2009,0.0
slv,f,2009,0.0
slv,mf,2010,0.0
slv,m,2010,0.0
slv,f,2010,0.0
slv,mf,2011,0.0
slv,m,2011,0.0
slv,f,2011,0.0
slv,mf,2012,0.0
slv,m,2012,0.0
slv,f,2012,0.10000000149011612
slv,mf,2013,4.699999809265137
slv,m,2013,0.8999999761581421
slv,f,2013,9.699999809265137
gnq,mf,1983,1.2000000476837158
gnq,m,1983,1.2999999523162842
gnq,f,1983,0.0
est,mf,1989,0.20000000298023224
est,m,1989,0.10000000149011612
est,f,1989,0.30000001192092896
est,mf,1990,0.4000000059604645
est,m,1990,0.4000000059604645
est,f,1990,0.4000000059604645
est,mf,1991,0.5
est,m,1991,0.6000000238418579
est,f,1991,0.4000000059604645
est,mf,1992,0.699999988079071
est,m,1992,0.8999999761581421
est,f,1992,0.4000000059604645
est,mf,1993,0.8999999761581421
est,m,1993,1.100000023841858
est,f,1993,0.699999988079071
est,mf,1994,0.8999999761581421
est,m,1994,1.100000023841858
est,f,1994,0.699999988079071
eth,mf,1981,1.399999976158142
eth,m,1981,0.8999999761581421
eth,f,1981,2.299999952316284
eth,mf,1987,3.5999999046325684
eth,m,1987,5.099999904632568
eth,f,1987,1.399999976158142
eth,mf,1994,1.0
eth,m,1994,1.0
eth,f,1994,1.0
eth,mf,1999,0.5
eth,m,1999,0.5
eth,f,1999,0.6000000238418579
eth,mf,2005,0.30000001192092896
eth,m,2005,0.4000000059604645
eth,f,2005,0.20000000298023224
eth,mf,2006,0.8999999761581421
eth,m,2006,1.0
eth,f,2006,0.699999988079071
eth,mf,2009,1.0
eth,m,2009,1.100000023841858
eth,f,2009,0.800000011920929
eth,mf,2010,1.100000023841858
eth,m,2010,1.399999976158142
eth,f,2010,0.699999988079071
eth,mf,2011,1.600000023841858
eth,m,2011,1.600000023841858
eth,f,2011,1.5
eth,mf,2012,1.0
eth,m,2012,1.100000023841858
eth,f,2012,0.800000011920929
eth,mf,2013,0.5
eth,m,2013,0.5
eth,f,2013,0.6000000238418579
flk,mf,2013,0.10000000149011612
flk,m,2013,0.10000000149011612
flk,f,2013,0.10000000149011612
fji,mf,2004,1.100000023841858
fji,m,2004,1.100000023841858
fji,f,2004,1.2999999523162842
fji,mf,2005,1.2999999523162842
fji,m,2005,0.699999988079071
fji,f,2005,2.9000000953674316
fji,mf,2007,8.699999809265137
fji,m,2007,10.399999618530273
fji,f,2007,4.900000095367432
fin,mf,1995,0.0
fin,m,1995,0.0
fin,f,1995,0.0
fin,mf,1996,0.10000000149011612
fin,m,1996,0.10000000149011612
fin,f,1996,0.0
fin,mf,1997,0.0
fin,m,1997,0.0
fin,f,1997,0.0
fin,mf,1999,0.0
fin,m,1999,0.0
fin,f,1999,0.0
fin,mf,2000,0.0
fin,m,2000,0.0
fin,f,2000,0.0
fin,mf,2003,0.0
fin,m,2003,0.0
fin,f,2003,0.0
fin,mf,2004,0.0
fin,m,2004,0.0
fin,f,2004,0.0
fin,mf,2005,0.0
fin,m,2005,0.0
fin,f,2005,0.0
fin,mf,2006,0.0
fin,m,2006,0.0
fin,f,2006,0.0
fin,mf,2007,0.0
fin,m,2007,0.0
fin,f,2007,0.0
fin,mf,2008,0.0
fin,m,2008,0.0
fin,f,2008,0.0
fin,mf,2014,0.0
fin,m,2014,0.0
fin,f,2014,0.0
fra,mf,2013,0.0
fra,m,2013,0.0
fra,f,2013,0.0
fra,mf,2014,0.0
fra,m,2014,0.0
fra,f,2014,0.0
guf,mf,2007,0.800000011920929
guf,mf,2008,0.800000011920929
gab,mf,1993,5.5
gab,m,1993,3.5999999046325684
gab,f,1993,7.800000190734863
gab,mf,2005,1.2000000476837158
gab,m,2005,1.399999976158142
gab,f,2005,0.8999999761581421
gab,mf,2010,0.699999988079071
gab,m,2010,0.800000011920929
gab,f,2010,0.6000000238418579
gmb,mf,2012,1.899999976158142
gmb,m,2012,3.0999999046325684
gmb,f,2012,0.4000000059604645
geo,mf,1998,0.800000011920929
geo,m,1998,0.8999999761581421
geo,f,1998,0.699999988079071
geo,mf,1999,1.100000023841858
geo,m,1999,1.2000000476837158
geo,f,1999,1.0
geo,mf,2000,0.800000011920929
geo,m,2000,0.8999999761581421
geo,f,2000,0.699999988079071
geo,mf,2001,0.800000011920929
geo,m,2001,0.8999999761581421
geo,f,2001,0.699999988079071
geo,mf,2002,0.20000000298023224
geo,m,2002,0.30000001192092896
geo,f,2002,0.10000000149011612
geo,mf,2003,0.10000000149011612
geo,m,2003,0.10000000149011612
geo,f,2003,0.0
geo,mf,2004,0.10000000149011612
geo,m,2004,0.20000000298023224
geo,f,2004,0.10000000149011612
geo,mf,2005,0.30000001192092896
geo,m,2005,0.30000001192092896
geo,f,2005,0.30000001192092896
geo,mf,2006,0.10000000149011612
geo,mf,2007,0.0
geo,mf,2008,0.10000000149011612
geo,m,2008,0.10000000149011612
geo,f,2008,0.0
geo,mf,2009,0.10000000149011612
geo,m,2009,0.10000000149011612
geo,f,2009,0.0
geo,mf,2010,0.10000000149011612
geo,m,2010,0.20000000298023224
geo,f,2010,0.10000000149011612
geo,mf,2011,0.4000000059604645
geo,m,2011,0.30000001192092896
geo,f,2011,0.5
geo,mf,2012,0.4000000059604645
geo,m,2012,0.4000000059604645
geo,f,2012,0.5
geo,mf,2013,0.6000000238418579
geo,m,2013,0.5
geo,f,2013,0.6000000238418579
gha,mf,2006,0.10000000149011612
gha,m,2006,0.20000000298023224
gha,f,2006,0.10000000149011612
gha,mf,2010,0.20000000298023224
gha,m,2010,0.20000000298023224
gha,f,2010,0.10000000149011612
grd,mf,1991,6.0
grd,m,1991,7.599999904632568
grd,f,1991,3.4000000953674316
grd,mf,1996,1.100000023841858
grd,m,1996,1.399999976158142
grd,f,1996,0.699999988079071
grd,mf,1998,4.699999809265137
grd,m,1998,6.800000190734863
grd,f,1998,1.7000000476837158
glp,mf,2007,1.399999976158142
glp,mf,2008,0.8999999761581421
gtm,mf,2010,16.399999618530273
gtm,m,2010,14.5
gtm,f,2010,19.899999618530273
gtm,mf,2013,22.100000381469727
gtm,m,2013,25.5
gtm,f,2013,15.899999618530273
gin,mf,2009,5.599999904632568
gin,m,2009,7.5
gin,f,2009,3.5
gin,mf,2010,5.599999904632568
gin,m,2010,7.5
gin,f,2010,3.5
gin,mf,2011,5.599999904632568
gin,m,2011,7.5
gin,f,2011,3.5
gin,mf,2012,5.599999904632568
gin,m,2012,7.5
gin,f,2012,3.5
hti,mf,1990,1.5
hti,m,1990,1.399999976158142
hti,f,1990,1.7999999523162842
hnd,mf,2008,0.0
hnd,m,2008,0.0
hnd,f,2008,0.0
hnd,mf,2010,0.0
hnd,m,2010,0.0
hnd,f,2010,0.0
hun,mf,1992,1.399999976158142
hun,m,1992,2.5999999046325684
hun,f,1992,0.0
hun,mf,1993,1.5
hun,m,1993,2.700000047683716
hun,f,1993,0.0
hun,mf,1994,1.600000023841858
hun,m,1994,2.9000000953674316
hun,f,1994,0.0
hun,mf,1995,1.5
hun,m,1995,2.700000047683716
hun,f,1995,0.0
hun,mf,2014,0.4000000059604645
hun,m,2014,0.4000000059604645
hun,f,2014,0.4000000059604645
isl,mf,2000,0.0
isl,m,2000,0.10000000149011612
isl,f,2000,0.0
isl,mf,2003,0.6000000238418579
isl,m,2003,0.5
isl,f,2003,0.6000000238418579
isl,mf,2004,0.6000000238418579
isl,m,2004,0.699999988079071
isl,f,2004,0.5
isl,mf,2005,1.2000000476837158
isl,m,2005,1.0
isl,f,2005,1.5
isl,mf,2006,0.699999988079071
isl,m,2006,0.800000011920929
isl,f,2006,0.6000000238418579
isl,mf,2007,0.5
isl,m,2007,0.4000000059604645
isl,f,2007,0.6000000238418579
isl,mf,2008,0.6000000238418579
isl,m,2008,0.5
isl,f,2008,0.699999988079071
isl,mf,2009,0.6000000238418579
isl,m,2009,0.4000000059604645
isl,f,2009,0.800000011920929
isl,mf,2010,0.699999988079071
isl,m,2010,0.800000011920929
isl,f,2010,0.6000000238418579
isl,mf,2011,0.699999988079071
isl,m,2011,0.699999988079071
isl,f,2011,0.699999988079071
isl,mf,2012,1.7000000476837158
isl,m,2012,1.5
isl,f,2012,1.899999976158142
isl,mf,2013,0.699999988079071
isl,m,2013,0.800000011920929
isl,f,2013,0.6000000238418579
isl,mf,2014,0.6000000238418579
isl,m,2014,0.699999988079071
isl,f,2014,0.5
idn,mf,2013,10.0
idn,m,2013,12.0
idn,f,2013,6.699999809265137
irn,mf,1996,3.200000047683716
irn,m,1996,3.0
irn,f,1996,4.5
irn,mf,2007,0.5
irn,m,2007,0.4000000059604645
irn,f,2007,0.800000011920929
irn,mf,2009,0.0
irn,m,2009,0.0
irn,f,2009,0.0
irn,mf,2010,0.0
irn,m,2010,0.0
irn,f,2010,0.0
irl,mf,1984,0.0
irl,m,1984,0.0
irl,f,1984,0.0
irl,mf,1985,0.0
irl,m,1985,0.0
irl,f,1985,0.0
irl,mf,1986,0.0
irl,m,1986,0.0
irl,f,1986,0.0
irl,mf,1987,0.10000000149011612
irl,m,1987,0.10000000149011612
irl,f,1987,0.10000000149011612
irl,mf,1988,0.0
irl,m,1988,0.0
irl,f,1988,0.0
irl,mf,1989,0.0
irl,m,1989,0.0
irl,f,1989,0.0
irl,mf,1990,0.0
irl,m,1990,0.0
irl,f,1990,0.0
irl,mf,1991,0.0
irl,m,1991,0.0
irl,f,1991,0.0
irl,mf,1992,0.0
irl,m,1992,0.0
irl,f,1992,0.0
irl,mf,1993,0.0
irl,m,1993,0.0
irl,f,1993,0.0
irl,mf,1994,0.0
irl,m,1994,0.10000000149011612
irl,f,1994,0.0
irl,mf,1995,0.0
irl,m,1995,0.0
irl,f,1995,0.0
irl,mf,1996,0.0
irl,m,1996,0.0
irl,f,1996,0.0
irl,mf,1997,0.0
irl,m,1997,0.0
irl,f,1997,0.0
ita,mf,1988,0.0
ita,m,1988,0.0
ita,f,1988,0.0
jam,mf,1991,0.30000001192092896
jam,m,1991,0.30000001192092896
jam,f,1991,0.4000000059604645
jam,mf,1992,0.5
jam,m,1992,0.4000000059604645
jam,f,1992,0.5
jam,mf,1993,0.699999988079071
jam,m,1993,0.699999988079071
jam,f,1993,0.699999988079071
jam,mf,1994,0.5
jam,m,1994,0.6000000238418579
jam,f,1994,0.4000000059604645
jam,mf,1995,0.800000011920929
jam,m,1995,0.800000011920929
jam,f,1995,0.800000011920929
jam,mf,1996,0.699999988079071
jam,m,1996,0.699999988079071
jam,f,1996,0.699999988079071
jam,mf,1997,1.0
jam,m,1997,1.0
jam,f,1997,1.100000023841858
jam,mf,1998,0.5
jam,m,1998,0.6000000238418579
jam,f,1998,0.5
jam,mf,1999,0.5
jam,m,1999,0.4000000059604645
jam,f,1999,0.699999988079071
jam,mf,2000,0.5
jam,m,2000,0.4000000059604645
jam,f,2000,0.6000000238418579
jam,mf,2001,0.5
jam,m,2001,0.5
jam,f,2001,0.4000000059604645
jam,mf,2002,0.4000000059604645
jam,m,2002,0.4000000059604645
jam,f,2002,0.4000000059604645
jam,mf,2003,0.5
jam,m,2003,0.5
jam,f,2003,0.4000000059604645
jam,mf,2004,0.20000000298023224
jam,m,2004,0.30000001192092896
jam,f,2004,0.10000000149011612
jam,mf,2005,0.4000000059604645
jam,m,2005,0.4000000059604645
jam,f,2005,0.4000000059604645
jam,mf,2006,0.30000001192092896
jam,m,2006,0.10000000149011612
jam,f,2006,0.4000000059604645
jam,mf,2007,0.30000001192092896
jam,m,2007,0.20000000298023224
jam,f,2007,0.4000000059604645
jam,mf,2008,0.20000000298023224
jam,m,2008,0.10000000149011612
jam,f,2008,0.20000000298023224
jam,mf,2011,0.20000000298023224
jam,m,2011,0.20000000298023224
jam,f,2011,0.20000000298023224
jam,mf,2012,0.20000000298023224
jam,m,2012,0.10000000149011612
jam,f,2012,0.20000000298023224
jor,mf,2000,0.5
jor,m,2000,0.4000000059604645
jor,f,2000,1.2999999523162842
jor,mf,2001,0.4000000059604645
jor,m,2001,0.30000001192092896
jor,f,2001,0.6000000238418579
jor,mf,2002,0.4000000059604645
jor,m,2002,0.30000001192092896
jor,f,2002,0.699999988079071
jor,mf,2003,0.30000001192092896
jor,m,2003,0.20000000298023224
jor,f,2003,0.8999999761581421
jor,mf,2004,0.20000000298023224
jor,m,2004,0.20000000298023224
jor,f,2004,0.30000001192092896
jor,mf,2005,0.20000000298023224
jor,m,2005,0.10000000149011612
jor,f,2005,0.699999988079071
jor,mf,2006,0.20000000298023224
jor,m,2006,0.20000000298023224
jor,f,2006,0.4000000059604645
jor,mf,2007,0.20000000298023224
jor,m,2007,0.10000000149011612
jor,f,2007,0.30000001192092896
jor,mf,2008,0.20000000298023224
jor,m,2008,0.20000000298023224
jor,f,2008,0.4000000059604645
jor,mf,2009,0.10000000149011612
jor,m,2009,0.10000000149011612
jor,f,2009,0.30000001192092896
jor,mf,2010,0.20000000298023224
jor,m,2010,0.10000000149011612
jor,f,2010,0.4000000059604645
jor,mf,2011,0.10000000149011612
jor,m,2011,0.10000000149011612
jor,f,2011,0.30000001192092896
jor,mf,2012,0.10000000149011612
jor,m,2012,0.10000000149011612
jor,f,2012,0.20000000298023224
ken,mf,1999,3.200000047683716
ken,m,1999,3.5999999046325684
ken,f,1999,3.0
kir,mf,2000,0.0
kir,m,2000,0.0
kir,f,2000,0.10000000149011612
kir,mf,2005,0.10000000149011612
kir,m,2005,0.10000000149011612
kir,f,2005,0.10000000149011612
kir,mf,2010,2.0999999046325684
kir,m,2010,2.299999952316284
kir,f,2010,1.899999976158142
kgz,mf,2009,6.199999809265137
kgz,m,2009,4.300000190734863
kgz,f,2009,9.0
kgz,mf,2010,6.800000190734863
kgz,m,2010,4.900000095367432
kgz,f,2010,9.399999618530273
kgz,mf,2011,6.5
kgz,m,2011,4.800000190734863
kgz,f,2011,8.899999618530273
kgz,mf,2012,6.0
kgz,m,2012,4.300000190734863
kgz,f,2012,8.5
kgz,mf,2013,4.0
kgz,m,2013,2.700000047683716
kgz,f,2013,6.099999904632568
lva,mf,1998,0.20000000298023224
lva,m,1998,0.20000000298023224
lva,f,1998,0.20000000298023224
lva,mf,1999,0.30000001192092896
lva,m,1999,0.20000000298023224
lva,f,1999,0.4000000059604645
lva,mf,2000,0.20000000298023224
lva,m,2000,0.20000000298023224
lva,f,2000,0.10000000149011612
lva,mf,2001,0.20000000298023224
lva,m,2001,0.4000000059604645
lva,f,2001,0.10000000149011612
lva,mf,2006,0.0
lva,m,2006,0.0
lva,f,2006,0.0
lva,mf,2013,0.0
lva,m,2013,0.0
lva,f,2013,0.0
lva,mf,2014,0.0
lva,m,2014,0.0
lva,f,2014,0.0
lbn,mf,2004,1.0
lbn,m,2004,1.0
lbn,f,2004,1.2999999523162842
lbn,mf,2007,0.6000000238418579
lbn,m,2007,0.5
lbn,f,2007,0.800000011920929
lso,mf,1999,4.800000190734863
lso,m,1999,3.799999952316284
lso,f,1999,6.0
lso,mf,2008,0.8999999761581421
lso,m,2008,0.8999999761581421
lso,f,2008,0.8999999761581421
lbr,mf,2007,1.0
lbr,m,2007,1.2000000476837158
lbr,f,2007,0.6000000238418579
lbr,mf,2010,0.20000000298023224
lbr,m,2010,0.20000000298023224
lbr,f,2010,0.20000000298023224
lux,mf,1983,0.0
lux,m,1983,0.0
lux,f,1983,0.10000000149011612
lux,mf,1985,0.0
lux,m,1985,0.0
lux,f,1985,0.0
lux,mf,1986,0.0
lux,m,1986,0.0
lux,f,1986,0.10000000149011612
lux,mf,1987,0.0
lux,m,1987,0.0
lux,f,1987,0.0
lux,mf,1992,0.0
lux,m,1992,0.0
lux,f,1992,0.0
lux,mf,1998,0.10000000149011612
lux,m,1998,0.10000000149011612
lux,f,1998,0.10000000149011612
lux,mf,2010,0.20000000298023224
lux,m,2010,0.10000000149011612
lux,f,2010,0.20000000298023224
lux,mf,2011,0.10000000149011612
lux,m,2011,0.0
lux,f,2011,0.20000000298023224
lux,mf,2012,0.20000000298023224
lux,m,2012,0.10000000149011612
lux,f,2012,0.20000000298023224
lux,mf,2013,0.30000001192092896
lux,m,2013,0.30000001192092896
lux,f,2013,0.30000001192092896
lux,mf,2014,0.20000000298023224
lux,m,2014,0.20000000298023224
lux,f,2014,0.10000000149011612
mac,mf,2013,0.0
mac,m,2013,0.0
mac,f,2013,0.0
mdg,mf,1993,1.899999976158142
mdg,m,1993,1.7999999523162842
mdg,f,1993,2.0999999046325684
mdg,mf,2003,0.699999988079071
mdg,m,2003,0.800000011920929
mdg,f,2003,0.6000000238418579
mdg,mf,2005,0.10000000149011612
mdg,m,2005,0.10000000149011612
mdg,f,2005,0.10000000149011612
mdg,mf,2010,0.20000000298023224
mdg,m,2010,0.20000000298023224
mdg,f,2010,0.20000000298023224
mys,mf,1991,1.899999976158142
mys,m,1991,1.600000023841858
mys,f,1991,2.4000000953674316
mdv,mf,1990,4.400000095367432
mdv,m,1990,4.099999904632568
mdv,f,1990,5.400000095367432
mdv,mf,1995,4.699999809265137
mdv,m,1995,4.400000095367432
mdv,f,1995,5.300000190734863
mdv,mf,2000,15.5
mdv,m,2000,8.0
mdv,f,2000,30.399999618530273
mdv,mf,2006,6.5
mdv,m,2006,9.699999809265137
mdv,f,2006,0.8999999761581421
mdv,mf,2010,11.899999618530273
mdv,m,2010,16.899999618530273
mdv,f,2010,3.799999952316284
mli,mf,2006,1.2000000476837158
mli,m,2006,1.899999976158142
mli,f,2006,0.4000000059604645
mli,mf,2007,9.199999809265137
mli,m,2007,11.100000381469727
mli,f,2007,7.300000190734863
mlt,mf,2009,0.0
mlt,m,2009,0.0
mlt,f,2009,0.0
mhl,mf,1999,1.0
mhl,m,1999,0.0
mhl,f,1999,3.200000047683716
mtq,mf,2007,0.699999988079071
mtq,mf,2008,0.6000000238418579
mus,mf,1990,0.20000000298023224
mus,m,1990,0.20000000298023224
mus,f,1990,0.20000000298023224
mus,mf,1995,0.0
mus,m,1995,0.0
mus,f,1995,0.0
mus,mf,2000,0.20000000298023224
mus,m,2000,0.20000000298023224
mus,f,2000,0.30000001192092896
mus,mf,2004,0.20000000298023224
mus,m,2004,0.30000001192092896
mus,f,2004,0.10000000149011612
mus,mf,2005,0.30000001192092896
mus,m,2005,0.30000001192092896
mus,f,2005,0.20000000298023224
mus,mf,2006,0.30000001192092896
mus,m,2006,0.30000001192092896
mus,f,2006,0.20000000298023224
mus,mf,2007,0.6000000238418579
mus,m,2007,0.699999988079071
mus,f,2007,0.5
mus,mf,2008,0.4000000059604645
mus,m,2008,0.4000000059604645
mus,f,2008,0.30000001192092896
mng,mf,2000,0.4000000059604645
mng,m,2000,0.6000000238418579
mng,f,2000,0.20000000298023224
mng,mf,2003,0.10000000149011612
mng,m,2003,0.10000000149011612
mng,f,2003,0.20000000298023224
mng,mf,2007,0.0
mng,m,2007,0.0
mng,f,2007,0.0
mng,mf,2008,0.4000000059604645
mng,m,2008,0.5
mng,f,2008,0.4000000059604645
mng,mf,2009,0.20000000298023224
mng,m,2009,0.20000000298023224
mng,f,2009,0.20000000298023224
mng,mf,2010,0.20000000298023224
mng,m,2010,0.20000000298023224
mng,f,2010,0.20000000298023224
mng,mf,2011,0.5
mng,m,2011,0.6000000238418579
mng,f,2011,0.30000001192092896
mng,mf,2012,0.30000001192092896
mng,m,2012,0.20000000298023224
mng,f,2012,0.30000001192092896
msr,mf,1991,0.8999999761581421
msr,m,1991,1.100000023841858
msr,f,1991,0.5
mar,mf,1998,1.2999999523162842
mar,m,1998,0.8999999761581421
mar,f,1998,2.0999999046325684
mar,mf,1999,3.5
mar,m,1999,4.099999904632568
mar,f,1999,2.0999999046325684
mar,mf,2002,1.399999976158142
mar,m,2002,1.600000023841858
mar,f,2002,0.800000011920929
mar,mf,2003,1.100000023841858
mar,m,2003,1.2999999523162842
mar,f,2003,0.5
mar,mf,2004,0.10000000149011612
mar,m,2004,0.10000000149011612
mar,f,2004,0.10000000149011612
mar,mf,2005,0.10000000149011612
mar,m,2005,0.10000000149011612
mar,f,2005,0.10000000149011612
mar,mf,2006,0.10000000149011612
mar,m,2006,0.10000000149011612
mar,f,2006,0.20000000298023224
mar,mf,2007,0.10000000149011612
mar,m,2007,0.10000000149011612
mar,f,2007,0.20000000298023224
mar,mf,2008,0.10000000149011612
mar,m,2008,0.10000000149011612
mar,f,2008,0.10000000149011612
mar,mf,2009,2.299999952316284
mar,mf,2010,2.700000047683716
mar,mf,2011,2.700000047683716
mar,mf,2012,2.700000047683716
nam,mf,1994,1.899999976158142
nam,m,1994,1.7999999523162842
nam,f,1994,1.899999976158142
nam,mf,1997,1.600000023841858
nam,m,1997,1.600000023841858
nam,f,1997,1.600000023841858
nam,mf,2000,2.0
nam,m,2000,2.200000047683716
nam,f,2000,1.7000000476837158
nam,mf,2001,5.599999904632568
nam,m,2001,5.5
nam,f,2001,5.900000095367432
nam,mf,2004,0.4000000059604645
nam,m,2004,0.4000000059604645
nam,f,2004,0.4000000059604645
nam,mf,2008,0.5
nam,m,2008,0.5
nam,f,2008,0.5
nam,mf,2010,0.30000001192092896
nam,m,2010,0.4000000059604645
nam,f,2010,0.30000001192092896
nam,mf,2011,0.6000000238418579
nam,m,2011,0.6000000238418579
nam,f,2011,0.699999988079071
nam,mf,2012,0.20000000298023224
nam,m,2012,0.20000000298023224
nam,f,2012,0.10000000149011612
nam,mf,2013,0.4000000059604645
nam,m,2013,0.4000000059604645
nam,f,2013,0.4000000059604645
nld,mf,1996,0.0
nld,m,1996,0.0
nld,f,1996,0.0
nld,mf,1997,0.0
nld,m,1997,0.0
nld,f,1997,0.0
nld,mf,1998,0.0
nld,m,1998,0.0
nld,f,1998,0.0
nld,mf,1999,0.0
nld,m,1999,0.0
nld,f,1999,0.0
nld,mf,2000,0.20000000298023224
nld,m,2000,0.10000000149011612
nld,f,2000,0.4000000059604645
nld,mf,2001,0.0
nld,m,2001,0.0
nld,f,2001,0.0
nld,mf,2002,0.0
nld,m,2002,0.0
nld,f,2002,0.0
nld,mf,2003,0.0
nld,m,2003,0.0
nld,f,2003,0.0
nld,mf,2005,0.0
nld,m,2005,0.0
nld,f,2005,0.0
nld,mf,2006,0.0
nld,m,2006,0.0
nld,f,2006,0.0
nld,mf,2007,0.0
nld,m,2007,0.0
nld,f,2007,0.0
nld,mf,2008,0.0
nld,m,2008,0.0
nld,f,2008,0.0
nld,mf,2009,0.0
nld,m,2009,0.0
nld,f,2009,0.0
nld,mf,2010,0.0
nld,m,2010,0.0
nld,f,2010,0.0
nld,mf,2011,0.0
nld,m,2011,0.0
nld,f,2011,0.0
ant,mf,1991,1.5
ant,m,1991,1.7000000476837158
ant,f,1991,1.2999999523162842
ant,mf,1992,1.0
ant,m,1992,0.8999999761581421
ant,f,1992,1.0
ant,mf,1993,2.799999952316284
ant,m,1993,3.0999999046325684
ant,f,1993,2.4000000953674316
ant,mf,1994,2.0999999046325684
ant,m,1994,2.0
ant,f,1994,2.0999999046325684
ant,mf,1995,1.399999976158142
ant,m,1995,1.399999976158142
ant,f,1995,1.5
ant,mf,1996,1.7999999523162842
ant,m,1996,2.0999999046325684
ant,f,1996,1.5
ant,mf,1997,2.700000047683716
ant,m,1997,2.299999952316284
ant,f,1997,3.0999999046325684
ant,mf,1998,1.2999999523162842
ant,m,1998,1.399999976158142
ant,f,1998,1.2999999523162842
ant,mf,2000,2.700000047683716
ant,m,2000,2.700000047683716
ant,f,2000,2.700000047683716
ant,mf,2002,1.2000000476837158
ant,mf,2003,1.2000000476837158
ant,mf,2004,0.699999988079071
ant,mf,2005,0.8999999761581421
ant,mf,2006,0.30000001192092896
ant,mf,2007,0.4000000059604645
ant,mf,2009,0.699999988079071
ant,m,2009,0.800000011920929
ant,f,2009,0.699999988079071
ant,mf,2011,1.2000000476837158
ant,m,2011,0.8999999761581421
ant,f,2011,1.399999976158142
nic,mf,2005,0.0
nic,m,2005,0.0
nic,f,2005,0.0
nic,mf,2006,0.0
nic,m,2006,0.0
nic,f,2006,0.0
nic,mf,2007,0.0
nic,m,2007,0.0
nic,f,2007,0.0
nic,mf,2008,0.0
nic,m,2008,0.0
nic,f,2008,0.0
nic,mf,2010,0.0
nic,m,2010,0.0
nic,f,2010,0.0
ner,mf,2005,9.300000190734863
ner,m,2005,10.300000190734863
ner,f,2005,6.599999904632568
nor,mf,1995,0.4000000059604645
nor,m,1995,0.5
nor,f,1995,0.10000000149011612
nor,mf,1996,0.0
nor,m,1996,0.0
nor,f,1996,0.0
nor,mf,1997,0.0
nor,m,1997,0.0
nor,f,1997,0.0
nor,mf,1998,0.0
nor,m,1998,0.0
nor,f,1998,0.0
nor,mf,1999,0.0
nor,m,1999,0.0
nor,f,1999,0.0
nor,mf,2000,0.0
nor,m,2000,0.0
nor,f,2000,0.0
nor,mf,2001,0.30000001192092896
nor,m,2001,0.30000001192092896
nor,f,2001,0.4000000059604645
nor,mf,2002,0.30000001192092896
nor,m,2002,0.30000001192092896
nor,f,2002,0.4000000059604645
nor,mf,2003,0.30000001192092896
nor,m,2003,0.30000001192092896
nor,f,2003,0.4000000059604645
nor,mf,2004,0.10000000149011612
nor,m,2004,0.10000000149011612
nor,f,2004,0.10000000149011612
nor,mf,2005,0.20000000298023224
nor,m,2005,0.10000000149011612
nor,f,2005,0.20000000298023224
nor,mf,2006,0.10000000149011612
nor,m,2006,0.10000000149011612
nor,f,2006,0.0
nor,mf,2007,0.0
nor,m,2007,0.0
nor,f,2007,0.0
nor,mf,2008,0.0
nor,m,2008,0.0
nor,f,2008,0.0
nor,mf,2009,0.0
nor,m,2009,0.0
nor,f,2009,0.0
nor,mf,2011,0.0
nor,m,2011,0.0
nor,f,2011,0.0
nor,mf,2012,0.0
nor,m,2012,0.0
nor,f,2012,0.0
nor,mf,2013,0.0
nor,m,2013,0.10000000149011612
nor,f,2013,0.0
nor,mf,2014,0.0
nor,m,2014,0.0
nor,f,2014,0.0
omn,mf,1993,1.2999999523162842
omn,m,1993,1.2000000476837158
omn,f,1993,2.4000000953674316
omn,mf,1996,0.5
omn,m,1996,0.4000000059604645
omn,f,1996,1.2999999523162842
omn,mf,2000,0.800000011920929
omn,m,2000,0.5
omn,f,2000,2.299999952316284
omn,mf,2010,0.20000000298023224
omn,m,2010,0.20000000298023224
omn,f,2010,0.6000000238418579
pry,mf,2002,0.20000000298023224
pry,m,2002,0.20000000298023224
pry,f,2002,0.10000000149011612
pry,mf,2005,0.0
pry,m,2005,0.0
pry,f,2005,0.0
pry,mf,2006,0.0
pry,m,2006,0.0
pry,f,2006,0.10000000149011612
pry,mf,2007,0.0
pry,m,2007,0.0
pry,f,2007,0.0
pry,mf,2008,0.10000000149011612
pry,m,2008,0.10000000149011612
pry,f,2008,0.20000000298023224
pry,mf,2009,0.20000000298023224
pry,m,2009,0.20000000298023224
pry,f,2009,0.20000000298023224
pry,mf,2010,0.10000000149011612
pry,m,2010,0.10000000149011612
pry,f,2010,0.20000000298023224
pry,mf,2011,0.20000000298023224
pry,m,2011,0.20000000298023224
pry,f,2011,0.10000000149011612
pry,mf,2012,0.0
pry,m,2012,0.0
pry,f,2012,0.0
pry,mf,2013,0.10000000149011612
pry,m,2013,0.10000000149011612
pry,f,2013,0.10000000149011612
pry,mf,2014,0.0
pry,m,2014,0.0
pry,f,2014,0.0
per,mf,1990,0.4000000059604645
per,m,1990,0.0
per,f,1990,0.8999999761581421
per,mf,1991,0.10000000149011612
per,m,1991,0.10000000149011612
per,f,1991,0.10000000149011612
per,mf,1992,0.10000000149011612
per,m,1992,0.10000000149011612
per,f,1992,0.10000000149011612
per,mf,1993,0.20000000298023224
per,m,1993,0.20000000298023224
per,f,1993,0.10000000149011612
per,mf,1994,0.20000000298023224
per,m,1994,0.20000000298023224
per,f,1994,0.20000000298023224
per,mf,1995,0.20000000298023224
per,m,1995,0.10000000149011612
per,f,1995,0.4000000059604645
per,mf,1996,4.400000095367432
per,m,1996,1.0
per,f,1996,9.300000190734863
per,mf,1997,4.699999809265137
per,m,1997,1.0
per,f,1997,9.5
per,mf,1998,4.900000095367432
per,m,1998,0.800000011920929
per,f,1998,10.199999809265137
per,mf,1999,5.5
per,m,1999,0.800000011920929
per,f,1999,11.199999809265137
per,mf,2000,7.300000190734863
per,m,2000,3.4000000953674316
per,f,2000,12.600000381469727
per,mf,2001,5.5
per,m,2001,1.100000023841858
per,f,2001,11.100000381469727
per,mf,2002,0.20000000298023224
per,m,2002,0.10000000149011612
per,f,2002,0.20000000298023224
per,mf,2003,0.0
per,m,2003,0.0
per,f,2003,0.10000000149011612
prt,mf,1994,0.0
prt,m,1994,0.0
prt,f,1994,0.0
prt,mf,1998,0.8999999761581421
prt,m,1998,0.699999988079071
prt,f,1998,1.2000000476837158
prt,mf,1999,0.8999999761581421
prt,m,1999,0.699999988079071
prt,f,1999,1.0
prt,mf,2000,1.399999976158142
prt,m,2000,1.0
prt,f,2000,1.7999999523162842
qat,mf,1997,0.0
qat,m,1997,0.0
qat,f,1997,0.0
qat,mf,2004,0.0
qat,m,2004,0.0
qat,f,2004,0.0
qat,mf,2013,0.20000000298023224
qat,m,2013,0.10000000149011612
qat,f,2013,0.6000000238418579
reu,mf,2007,1.100000023841858
reu,mf,2008,1.100000023841858
rwa,mf,1996,1.399999976158142
rwa,m,1996,1.600000023841858
rwa,f,1996,1.2000000476837158
rwa,mf,2002,2.0999999046325684
rwa,m,2002,2.299999952316284
rwa,f,2002,2.0
rwa,mf,2012,3.700000047683716
rwa,m,2012,3.799999952316284
rwa,f,2012,3.5999999046325684
kna,mf,1991,2.299999952316284
kna,m,1991,2.5
kna,f,1991,1.899999976158142
kna,mf,2001,3.0999999046325684
kna,m,2001,3.5
kna,f,2001,2.700000047683716
lca,mf,1993,2.5999999046325684
lca,m,1993,3.4000000953674316
lca,f,1993,1.600000023841858
lca,mf,1994,1.2999999523162842
lca,m,1994,2.0
lca,f,1994,0.5
lca,mf,1995,0.30000001192092896
lca,m,1995,0.30000001192092896
lca,f,1995,0.30000001192092896
lca,mf,1996,2.5999999046325684
lca,m,1996,2.799999952316284
lca,f,1996,2.4000000953674316
lca,mf,1997,2.5999999046325684
lca,m,1997,2.9000000953674316
lca,f,1997,2.0999999046325684
lca,mf,1998,1.899999976158142
lca,m,1998,2.4000000953674316
lca,f,1998,1.2999999523162842
lca,mf,1999,1.899999976158142
lca,m,1999,2.0999999046325684
lca,f,1999,2.0999999046325684
lca,mf,2000,2.0
lca,m,2000,2.4000000953674316
lca,f,2000,1.100000023841858
vct,mf,1980,0.800000011920929
vct,m,1980,0.699999988079071
vct,f,1980,0.800000011920929
vct,mf,1991,0.20000000298023224
vct,m,1991,0.20000000298023224
vct,f,1991,0.20000000298023224
vct,mf,2001,0.8999999761581421
vct,mf,2008,2.9000000953674316
vct,m,2008,3.700000047683716
vct,f,2008,2.9000000953674316
wsm,mf,2012,0.10000000149011612
wsm,m,2012,0.20000000298023224
wsm,f,2012,0.0
smr,mf,1995,4.699999809265137
smr,m,1995,5.900000095367432
smr,f,1995,2.799999952316284
smr,mf,1996,4.300000190734863
smr,m,1996,5.400000095367432
smr,f,1996,2.5
smr,mf,1997,4.300000190734863
smr,m,1997,5.400000095367432
smr,f,1997,2.5999999046325684
smr,mf,1998,3.9000000953674316
smr,m,1998,5.0
smr,f,1998,2.299999952316284
smr,mf,1999,3.5
smr,m,1999,4.400000095367432
smr,f,1999,2.200000047683716
stp,mf,1991,1.2999999523162842
stp,m,1991,1.2999999523162842
stp,f,1991,1.2000000476837158
sau,mf,2009,0.10000000149011612
sau,m,2009,0.0
sau,f,2009,0.10000000149011612
sau,mf,2013,0.10000000149011612
sau,m,2013,0.10000000149011612
sau,f,2013,0.0
sen,mf,1991,4.800000190734863
sen,m,1991,7.599999904632568
sen,f,1991,1.399999976158142
sen,mf,2001,0.699999988079071
sen,m,2001,0.699999988079071
sen,f,2001,0.800000011920929
sen,mf,2011,19.299999237060547
sen,m,2011,20.100000381469727
sen,f,2011,18.299999237060547
syc,mf,1987,5.800000190734863
syc,m,1987,5.599999904632568
syc,f,1987,6.099999904632568
syc,mf,2011,0.6000000238418579
syc,m,2011,0.4000000059604645
syc,f,2011,0.800000011920929
svk,mf,1994,0.0
svk,m,1994,0.0
svk,f,1994,0.0
svk,mf,1996,0.0
svk,m,1996,0.0
svk,f,1996,0.0
svk,mf,1997,0.0
svk,m,1997,0.0
svk,f,1997,0.10000000149011612
svk,mf,1998,0.10000000149011612
svk,m,1998,0.10000000149011612
svk,f,1998,0.20000000298023224
svk,mf,1999,0.10000000149011612
svk,m,1999,0.0
svk,f,1999,0.20000000298023224
svk,mf,2000,0.10000000149011612
svk,m,2000,0.0
svk,f,2000,0.30000001192092896
svk,mf,2001,0.10000000149011612
svk,m,2001,0.0
svk,f,2001,0.20000000298023224
svk,mf,2002,0.10000000149011612
svk,m,2002,0.0
svk,f,2002,0.20000000298023224
svk,mf,2003,0.30000001192092896
svk,m,2003,0.10000000149011612
svk,f,2003,0.4000000059604645
svk,mf,2004,0.20000000298023224
svk,m,2004,0.10000000149011612
svk,f,2004,0.4000000059604645
svk,mf,2005,0.4000000059604645
svk,m,2005,0.10000000149011612
svk,f,2005,0.699999988079071
svk,mf,2006,0.4000000059604645
svk,m,2006,0.20000000298023224
svk,f,2006,0.699999988079071
svk,mf,2007,0.4000000059604645
svk,m,2007,0.20000000298023224
svk,f,2007,0.699999988079071
svk,mf,2008,0.20000000298023224
svk,m,2008,0.10000000149011612
svk,f,2008,0.30000001192092896
svk,mf,2009,0.0
svk,m,2009,0.0
svk,f,2009,0.0
svk,mf,2010,0.0
svk,m,2010,0.0
svk,f,2010,0.0
zaf,mf,2007,0.20000000298023224
zaf,m,2007,0.20000000298023224
zaf,f,2007,0.20000000298023224
zaf,mf,2008,0.0
zaf,m,2008,0.0
zaf,f,2008,0.0
esp,mf,1986,0.6000000238418579
esp,m,1986,0.699999988079071
esp,f,1986,0.6000000238418579
esp,mf,1987,0.4000000059604645
esp,m,1987,0.30000001192092896
esp,f,1987,0.5
esp,mf,1988,0.20000000298023224
esp,m,1988,0.20000000298023224
esp,f,1988,0.30000001192092896
esp,mf,1989,0.20000000298023224
esp,m,1989,0.20000000298023224
esp,f,1989,0.30000001192092896
esp,mf,1990,0.20000000298023224
esp,m,1990,0.20000000298023224
esp,f,1990,0.30000001192092896
esp,mf,1991,0.30000001192092896
esp,m,1991,0.30000001192092896
esp,f,1991,0.4000000059604645
esp,mf,1992,0.8999999761581421
esp,m,1992,0.699999988079071
esp,f,1992,1.2999999523162842
esp,mf,1993,0.5
esp,m,1993,0.30000001192092896
esp,f,1993,0.8999999761581421
esp,mf,1994,0.30000001192092896
esp,m,1994,0.20000000298023224
esp,f,1994,0.30000001192092896
esp,mf,1995,0.30000001192092896
esp,m,1995,0.20000000298023224
esp,f,1995,0.30000001192092896
esp,mf,1996,0.20000000298023224
esp,m,1996,0.20000000298023224
esp,f,1996,0.4000000059604645
esp,mf,1997,0.20000000298023224
esp,m,1997,0.10000000149011612
esp,f,1997,0.30000001192092896
esp,mf,1998,0.20000000298023224
esp,m,1998,0.10000000149011612
esp,f,1998,0.30000001192092896
esp,mf,1999,0.10000000149011612
esp,m,1999,0.10000000149011612
esp,f,1999,0.10000000149011612
esp,mf,2000,0.10000000149011612
esp,m,2000,0.10000000149011612
esp,f,2000,0.10000000149011612
esp,mf,2001,0.10000000149011612
esp,m,2001,0.10000000149011612
esp,f,2001,0.10000000149011612
esp,mf,2002,0.10000000149011612
esp,m,2002,0.10000000149011612
esp,f,2002,0.20000000298023224
esp,mf,2003,0.10000000149011612
esp,m,2003,0.10000000149011612
esp,f,2003,0.10000000149011612
esp,mf,2004,0.10000000149011612
esp,m,2004,0.10000000149011612
esp,f,2004,0.10000000149011612
esp,mf,2005,0.10000000149011612
esp,m,2005,0.10000000149011612
esp,f,2005,0.10000000149011612
esp,mf,2006,0.10000000149011612
esp,m,2006,0.10000000149011612
esp,f,2006,0.10000000149011612
esp,mf,2007,0.0
esp,m,2007,0.10000000149011612
esp,f,2007,0.0
esp,mf,2008,0.10000000149011612
esp,m,2008,0.10000000149011612
esp,f,2008,0.0
esp,mf,2009,0.10000000149011612
esp,m,2009,0.10000000149011612
esp,f,2009,0.0
esp,mf,2010,0.0
esp,m,2010,0.10000000149011612
esp,f,2010,0.0
esp,mf,2011,0.0
esp,m,2011,0.0
esp,f,2011,0.0
esp,mf,2012,0.0
esp,m,2012,0.0
esp,f,2012,0.10000000149011612
esp,mf,2013,0.10000000149011612
esp,m,2013,0.0
esp,f,2013,0.10000000149011612
esp,mf,2014,0.0
esp,m,2014,0.0
esp,f,2014,0.0
sur,mf,1993,1.2999999523162842
sur,mf,1994,3.5999999046325684
sur,mf,1995,3.5
sur,m,1995,3.799999952316284
sur,f,1995,2.799999952316284
sur,mf,1996,2.0
sur,m,1996,2.0
sur,f,1996,2.0999999046325684
sur,mf,1997,4.0
sur,m,1997,3.9000000953674316
sur,f,1997,4.199999809265137
sur,mf,1998,1.7999999523162842
sur,m,1998,1.600000023841858
sur,f,1998,2.0999999046325684
sur,mf,2013,0.10000000149011612
sur,m,2013,0.10000000149011612
sur,f,2013,0.20000000298023224
swz,mf,1997,1.399999976158142
swz,m,1997,1.2000000476837158
swz,f,1997,1.7000000476837158
swe,mf,1999,0.0
swe,m,1999,0.0
swe,f,1999,0.0
swe,mf,2000,0.0
swe,m,2000,0.0
swe,f,2000,0.0
swe,mf,2002,0.0
swe,m,2002,0.0
swe,f,2002,0.0
swe,mf,2003,0.0
swe,m,2003,0.0
swe,f,2003,0.0
swe,mf,2004,0.0
swe,m,2004,0.0
swe,f,2004,0.0
swe,mf,2005,0.0
swe,m,2005,0.0
swe,f,2005,0.0
swe,mf,2006,0.0
swe,m,2006,0.0
swe,f,2006,0.0
swe,mf,2007,0.0
swe,m,2007,0.0
swe,f,2007,0.0
swe,mf,2008,0.0
swe,m,2008,0.0
swe,f,2008,0.0
swe,mf,2009,0.0
swe,m,2009,0.0
swe,f,2009,0.0
swe,mf,2010,0.0
swe,m,2010,0.0
swe,f,2010,0.0
swe,mf,2011,0.0
swe,m,2011,0.0
swe,f,2011,0.0
swe,mf,2012,0.0
swe,m,2012,0.0
swe,f,2012,0.0
swe,mf,2013,0.0
swe,m,2013,0.0
swe,f,2013,0.0
swe,mf,2014,0.0
swe,m,2014,0.0
swe,f,2014,0.0
syr,mf,2006,0.30000001192092896
syr,m,2006,0.4000000059604645
syr,f,2006,0.30000001192092896
syr,mf,2007,0.20000000298023224
syr,m,2007,0.20000000298023224
syr,f,2007,0.20000000298023224
syr,mf,2008,0.0
syr,m,2008,0.0
syr,f,2008,0.0
tza,mf,2013,7.900000095367432
tza,m,2013,7.300000190734863
tza,f,2013,8.600000381469727
tha,mf,2003,0.0
tha,m,2003,0.0
tha,f,2003,0.0
tha,mf,2004,0.0
tha,m,2004,0.0
tha,f,2004,0.0
tls,mf,2010,0.4000000059604645
tls,m,2010,0.4000000059604645
tls,f,2010,0.30000001192092896
ton,mf,1996,0.20000000298023224
ton,m,1996,0.20000000298023224
ton,f,1996,0.4000000059604645
tto,mf,1987,1.100000023841858
tto,m,1987,1.2000000476837158
tto,f,1987,0.8999999761581421
tto,mf,1988,1.399999976158142
tto,m,1988,1.5
tto,f,1988,1.100000023841858
tto,mf,1989,1.100000023841858
tto,m,1989,1.2000000476837158
tto,f,1989,0.800000011920929
tto,mf,1990,0.699999988079071
tto,m,1990,1.0
tto,f,1990,0.20000000298023224
tto,mf,1991,0.8999999761581421
tto,m,1991,1.100000023841858
tto,f,1991,0.4000000059604645
tto,mf,1992,1.0
tto,m,1992,1.100000023841858
tto,f,1992,0.699999988079071
tto,mf,1993,1.2000000476837158
tto,m,1993,1.5
tto,f,1993,0.699999988079071
tto,mf,1994,1.2000000476837158
tto,m,1994,1.2999999523162842
tto,f,1994,1.0
tto,mf,1995,1.2999999523162842
tto,m,1995,1.600000023841858
tto,f,1995,0.800000011920929
tto,mf,1996,1.2000000476837158
tto,m,1996,1.5
tto,f,1996,0.800000011920929
tto,mf,1997,1.5
tto,m,1997,1.7000000476837158
tto,f,1997,1.2000000476837158
tto,mf,1998,1.2000000476837158
tto,m,1998,1.5
tto,f,1998,0.6000000238418579
tto,mf,1999,1.0
tto,m,1999,1.100000023841858
tto,f,1999,0.800000011920929
tto,mf,2000,0.8999999761581421
tto,m,2000,1.100000023841858
tto,f,2000,0.5
tto,mf,2001,0.8999999761581421
tto,m,2001,1.0
tto,f,2001,0.6000000238418579
tto,mf,2002,0.8999999761581421
tto,m,2002,1.0
tto,f,2002,0.800000011920929
tto,mf,2003,0.800000011920929
tto,m,2003,0.8999999761581421
tto,f,2003,0.6000000238418579
tto,mf,2004,1.0
tto,m,2004,1.100000023841858
tto,f,2004,0.8999999761581421
tto,mf,2005,0.8999999761581421
tto,m,2005,0.800000011920929
tto,f,2005,1.100000023841858
tto,mf,2009,1.2000000476837158
tto,m,2009,1.0
tto,f,2009,1.2999999523162842
tto,mf,2010,1.100000023841858
tto,m,2010,1.0
tto,f,2010,1.2000000476837158
tto,mf,2013,1.0
tto,m,2013,0.8999999761581421
tto,f,2013,1.100000023841858
tun,mf,1989,0.800000011920929
tun,m,1989,0.8999999761581421
tun,f,1989,0.30000001192092896
tun,mf,1994,0.6000000238418579
tun,m,1994,0.6000000238418579
tun,f,1994,0.8999999761581421
tun,mf,1999,0.4000000059604645
tun,mf,2000,0.8999999761581421
tun,mf,2001,0.10000000149011612
tun,mf,2002,0.10000000149011612
tun,mf,2003,0.20000000298023224
tun,mf,2004,0.800000011920929
tun,mf,2005,0.20000000298023224
tun,m,2005,0.30000001192092896
tun,f,2005,0.10000000149011612
tun,mf,2007,0.20000000298023224
tun,m,2007,0.0
tun,f,2007,0.699999988079071
tun,mf,2008,0.8999999761581421
tun,m,2008,1.0
tun,f,2008,0.6000000238418579
tun,mf,2010,0.0
tun,m,2010,0.0
tun,f,2010,0.0
tun,mf,2011,0.0
tun,m,2011,0.0
tun,f,2011,0.0
tun,mf,2013,0.20000000298023224
tuv,mf,2002,0.10000000149011612
tuv,m,2002,0.20000000298023224
tuv,f,2002,0.0
uga,mf,2005,0.6000000238418579
uga,mf,2013,0.20000000298023224
uga,m,2013,0.10000000149011612
uga,f,2013,0.20000000298023224
are,mf,2005,0.0
are,m,2005,0.0
are,f,2005,0.0
gbr,mf,1983,0.30000001192092896
gbr,m,1983,0.30000001192092896
gbr,f,1983,0.30000001192092896
gbr,mf,1984,0.10000000149011612
gbr,m,1984,0.10000000149011612
gbr,f,1984,0.20000000298023224
gbr,mf,1985,0.0
gbr,m,1985,0.0
gbr,f,1985,0.0
gbr,mf,1986,0.0
gbr,m,1986,0.0
gbr,f,1986,0.0
gbr,mf,1987,0.30000001192092896
gbr,m,1987,0.30000001192092896
gbr,f,1987,0.30000001192092896
gbr,mf,1988,0.4000000059604645
gbr,m,1988,0.4000000059604645
gbr,f,1988,0.30000001192092896
gbr,mf,1989,1.0
gbr,m,1989,1.2000000476837158
gbr,f,1989,0.699999988079071
gbr,mf,1990,1.0
gbr,m,1990,1.2000000476837158
gbr,f,1990,0.699999988079071
gbr,mf,1991,1.0
gbr,m,1991,1.2000000476837158
gbr,f,1991,0.800000011920929
gbr,mf,1992,0.5
gbr,m,1992,0.6000000238418579
gbr,f,1992,0.30000001192092896
gbr,mf,1993,0.5
gbr,m,1993,0.6000000238418579
gbr,f,1993,0.30000001192092896
gbr,mf,1994,0.5
gbr,m,1994,0.6000000238418579
gbr,f,1994,0.30000001192092896
gbr,mf,1995,0.30000001192092896
gbr,m,1995,0.5
gbr,f,1995,0.20000000298023224
gbr,mf,1996,0.30000001192092896
gbr,m,1996,0.4000000059604645
gbr,f,1996,0.20000000298023224
gbr,mf,1997,0.20000000298023224
gbr,m,1997,0.30000001192092896
gbr,f,1997,0.20000000298023224
gbr,mf,1998,0.20000000298023224
gbr,m,1998,0.30000001192092896
gbr,f,1998,0.10000000149011612
gbr,mf,1999,0.20000000298023224
gbr,m,1999,0.20000000298023224
gbr,f,1999,0.10000000149011612
gbr,mf,2000,0.10000000149011612
gbr,m,2000,0.20000000298023224
gbr,f,2000,0.10000000149011612
gbr,mf,2001,0.20000000298023224
gbr,m,2001,0.20000000298023224
gbr,f,2001,0.10000000149011612
gbr,mf,2002,0.10000000149011612
gbr,m,2002,0.10000000149011612
gbr,f,2002,0.10000000149011612
gbr,mf,2003,0.10000000149011612
gbr,m,2003,0.10000000149011612
gbr,f,2003,0.10000000149011612
gbr,mf,2004,0.20000000298023224
gbr,m,2004,0.20000000298023224
gbr,f,2004,0.10000000149011612
gbr,mf,2005,0.20000000298023224
gbr,m,2005,0.20000000298023224
gbr,f,2005,0.10000000149011612
gbr,mf,2006,0.10000000149011612
gbr,m,2006,0.10000000149011612
gbr,f,2006,0.10000000149011612
gbr,mf,2007,0.20000000298023224
gbr,m,2007,0.20000000298023224
gbr,f,2007,0.20000000298023224
gbr,mf,2008,0.20000000298023224
gbr,m,2008,0.20000000298023224
gbr,f,2008,0.20000000298023224
gbr,mf,2009,0.20000000298023224
gbr,m,2009,0.20000000298023224
gbr,f,2009,0.20000000298023224
gbr,mf,2010,0.30000001192092896
gbr,m,2010,0.30000001192092896
gbr,f,2010,0.30000001192092896
gbr,mf,2011,0.20000000298023224
gbr,m,2011,0.20000000298023224
gbr,f,2011,0.20000000298023224
gbr,mf,2012,0.5
gbr,m,2012,0.6000000238418579
gbr,f,2012,0.30000001192092896
gbr,mf,2013,0.5
gbr,m,2013,0.6000000238418579
gbr,f,2013,0.4000000059604645
gbr,mf,2014,0.30000001192092896
gbr,m,2014,0.4000000059604645
gbr,f,2014,0.30000001192092896
ury,mf,1998,0.30000001192092896
ury,m,1998,0.10000000149011612
ury,f,1998,0.5
ury,mf,1999,0.20000000298023224
ury,m,1999,0.10000000149011612
ury,f,1999,0.30000001192092896
ury,mf,2000,0.20000000298023224
ury,m,2000,0.10000000149011612
ury,f,2000,0.30000001192092896
ury,mf,2006,0.10000000149011612
ury,m,2006,0.0
ury,f,2006,0.30000001192092896
ury,mf,2007,0.20000000298023224
ury,m,2007,0.10000000149011612
ury,f,2007,0.4000000059604645
ury,mf,2008,0.20000000298023224
ury,m,2008,0.30000001192092896
ury,f,2008,0.10000000149011612
ury,mf,2009,0.20000000298023224
ury,m,2009,0.30000001192092896
ury,f,2009,0.10000000149011612
ury,mf,2010,0.10000000149011612
ury,m,2010,0.10000000149011612
ury,f,2010,0.20000000298023224
ury,mf,2011,0.10000000149011612
ury,m,2011,0.10000000149011612
ury,f,2011,0.20000000298023224
ury,mf,2012,0.10000000149011612
ury,m,2012,0.10000000149011612
ury,f,2012,0.20000000298023224
ury,mf,2013,0.10000000149011612
ury,m,2013,0.10000000149011612
ury,f,2013,0.20000000298023224
vut,mf,2009,2.0999999046325684
vut,m,2009,2.299999952316284
vut,f,2009,1.7999999523162842
ven,mf,2013,5.5
ven,m,2013,6.400000095367432
ven,f,2013,4.0
vnm,mf,1996,0.4000000059604645
vnm,m,1996,0.4000000059604645
vnm,f,1996,0.30000001192092896
vnm,mf,1997,0.30000001192092896
vnm,m,1997,0.30000001192092896
vnm,f,1997,0.30000001192092896
vnm,mf,1998,0.20000000298023224
vnm,m,1998,0.20000000298023224
vnm,f,1998,0.20000000298023224
vnm,mf,1999,0.699999988079071
vnm,m,1999,0.699999988079071
vnm,f,1999,0.699999988079071
vnm,mf,2000,1.2999999523162842
vnm,m,2000,1.100000023841858
vnm,f,2000,1.5
vnm,mf,2001,1.399999976158142
vnm,m,2001,1.2999999523162842
vnm,f,2001,1.600000023841858
vnm,mf,2002,0.8999999761581421
vnm,m,2002,0.699999988079071
vnm,f,2002,1.0
vnm,mf,2003,0.800000011920929
vnm,m,2003,0.699999988079071
vnm,f,2003,0.8999999761581421
vnm,mf,2004,0.0
vnm,m,2004,0.0
vnm,f,2004,0.0
vnm,mf,2012,0.10000000149011612
vnm,m,2012,0.0
vnm,f,2012,0.10000000149011612
vnm,mf,2013,0.0
vnm,m,2013,0.0
vnm,f,2013,0.0
pse,mf,2002,0.10000000149011612
pse,m,2002,0.10000000149011612
pse,f,2002,0.0
pse,mf,2003,0.0
pse,m,2003,0.0
pse,f,2003,0.0
pse,mf,2008,0.0
pse,m,2008,0.0
pse,f,2008,0.0
yem,mf,2005,1.7000000476837158
yem,m,2005,1.0
yem,f,2005,9.600000381469727
zmb,mf,1980,1.600000023841858
zmb,m,1980,0.800000011920929
zmb,f,1980,3.9000000953674316
zmb,mf,1990,2.9000000953674316
zmb,m,1990,2.5999999046325684
zmb,f,1990,3.5
zmb,mf,1991,5.199999809265137
zmb,m,1991,4.699999809265137
zmb,f,1991,5.800000190734863
zmb,mf,1996,0.699999988079071
zmb,m,1996,1.0
zmb,f,1996,0.30000001192092896
zmb,mf,1998,0.5
zmb,m,1998,0.6000000238418579
zmb,f,1998,0.4000000059604645
zmb,mf,2003,1.899999976158142
zmb,mf,2008,0.6000000238418579
zmb,mf,2010,1.600000023841858
zmb,mf,2012,0.30000001192092896
zmb,m,2012,0.30000001192092896
zmb,f,2012,0.30000001192092896
zwe,mf,2011,0.10000000149011612
zwe,m,2011,0.10000000149011612
zwe,f,2011,0.10000000149011612
