country,sex,year,not_classified_000
dza,mf,2001,84.5
dza,m,2001,43.900001525878906
dza,f,2001,40.599998474121094
dza,mf,2003,15.199999809265137
dza,m,2003,11.600000381469727
dza,f,2003,3.5999999046325684
dza,mf,2004,26.5
dza,m,2004,22.899999618530273
dza,f,2004,3.5999999046325684
dza,mf,2005,2202.843994140625
dza,m,2005,2028.123046875
dza,f,2005,174.7209930419922
aia,mf,1999,0.574999988079071
aia,m,1999,0.33500000834465027
aia,f,1999,0.23999999463558197
aia,mf,2001,0.5910000205039978
aia,m,2001,0.4090000092983246
aia,f,2001,0.18199999630451202
atg,mf,1991,0.3799999952316284
atg,m,1991,0.20999999344348907
atg,f,1991,0.17000000178813934
atg,mf,2001,3.122999906539917
atg,m,2001,1.5850000381469727
atg,f,2001,1.5379999876022339
arg,mf,1996,6.800000190734863
arg,m,1996,4.900000095367432
arg,f,1996,2.0
arg,mf,1997,6.599999904632568
arg,m,1997,4.5
arg,f,1997,2.0999999046325684
arg,mf,1998,4.699999809265137
arg,m,1998,2.5999999046325684
arg,f,1998,2.0999999046325684
arg,mf,1999,1.899999976158142
arg,m,1999,0.6000000238418579
arg,f,1999,1.2000000476837158
arg,mf,2000,5.400000095367432
arg,m,2000,3.4000000953674316
arg,f,2000,2.0
arg,mf,2001,3.200000047683716
arg,m,2001,1.399999976158142
arg,f,2001,1.7999999523162842
arg,mf,2002,1.7999999523162842
arg,m,2002,1.100000023841858
arg,f,2002,0.699999988079071
arg,mf,2003,9.899999618530273
arg,m,2003,6.300000190734863
arg,f,2003,3.5
arg,mf,2008,1.5729999542236328
arg,m,2008,1.5729999542236328
arg,f,2008,0.0
arg,mf,2009,0.09399999678134918
arg,m,2009,0.0
arg,f,2009,0.09399999678134918
arg,mf,2012,1.062000036239624
arg,m,2012,1.062000036239624
arg,f,2012,0.0
arm,mf,2007,1.399999976158142
arm,mf,2008,143.5
arm,m,2008,47.099998474121094
arm,f,2008,96.4000015258789
arm,mf,2009,200.89999389648438
arm,m,2009,67.9000015258789
arm,f,2009,133.10000610351562
arm,mf,2010,179.60000610351562
arm,m,2010,60.400001525878906
arm,f,2010,119.0999984741211
arm,mf,2011,164.89999389648438
arm,m,2011,58.400001525878906
arm,f,2011,106.5
arm,mf,2012,169.375
arm,m,2012,55.305999755859375
arm,f,2012,114.06900024414062
abw,mf,1991,0.08500000089406967
abw,m,1991,0.0560000017285347
abw,f,1991,0.028999999165534973
abw,mf,1994,0.07000000029802322
abw,m,1994,0.03999999910593033
abw,f,1994,0.029999999329447746
abw,mf,1997,0.04600000008940697
abw,mf,2000,0.11699999868869781
abw,m,2000,0.05900000035762787
abw,f,2000,0.057999998331069946
abw,mf,2007,0.1809999942779541
abw,m,2007,0.1289999932050705
abw,f,2007,0.052000001072883606
abw,mf,2010,0.4580000042915344
abw,m,2010,0.1289999932050705
abw,f,2010,0.32899999618530273
aut,mf,2004,0.5529999732971191
aut,m,2004,0.09099999815225601
aut,f,2004,0.460999995470047
bhs,mf,1991,1.100000023841858
bhs,m,1991,0.550000011920929
bhs,f,1991,0.5400000214576721
bhs,mf,1992,1.309999942779541
bhs,m,1992,0.7200000286102295
bhs,f,1992,0.5799999833106995
bhs,mf,1993,2.0999999046325684
bhs,m,1993,1.100000023841858
bhs,f,1993,1.0
bhs,mf,1994,0.9700000286102295
bhs,m,1994,0.6100000143051147
bhs,f,1994,0.3499999940395355
bhs,mf,1995,0.6499999761581421
bhs,m,1995,0.3700000047683716
bhs,f,1995,0.2800000011920929
bhs,mf,1996,2.2799999713897705
bhs,m,1996,1.440000057220459
bhs,f,1996,0.8399999737739563
bhs,mf,1997,0.5600000023841858
bhs,m,1997,0.2800000011920929
bhs,f,1997,0.2800000011920929
bhs,mf,1998,0.47999998927116394
bhs,m,1998,0.3499999940395355
bhs,f,1998,0.12999999523162842
bhs,mf,1999,1.2999999523162842
bhs,m,1999,0.8500000238418579
bhs,f,1999,0.44999998807907104
bhs,mf,2001,1.5800000429153442
bhs,m,2001,0.8299999833106995
bhs,f,2001,0.75
bhs,mf,2002,0.8600000143051147
bhs,m,2002,0.574999988079071
bhs,f,2002,0.2849999964237213
bhs,mf,2003,0.7450000047683716
bhs,m,2003,0.5199999809265137
bhs,f,2003,0.22499999403953552
bhs,mf,2004,0.925000011920929
bhs,m,2004,0.46000000834465027
bhs,f,2004,0.4650000035762787
bhs,mf,2008,0.07999999821186066
bhs,m,2008,0.02500000037252903
bhs,f,2008,0.054999999701976776
bhs,mf,2011,0.6100000143051147
bhs,m,2011,0.33500000834465027
bhs,f,2011,0.2750000059604645
bhr,mf,2004,0.9620000123977661
bhr,m,2004,0.7979999780654907
bhr,f,2004,0.164000004529953
bgd,mf,1996,9756.0
bgd,m,1996,8469.0
bgd,f,1996,1289.0
bgd,mf,2000,9488.0
bgd,m,2000,8057.0
bgd,f,2000,1431.0
bgd,mf,2003,1231.0
bgd,m,2003,807.0
bgd,f,2003,424.0
bgd,mf,2005,417.0
bgd,m,2005,230.0
bgd,f,2005,187.0
bgd,mf,2010,12280.0
bgd,m,2010,10732.0
bgd,f,2010,1549.0
bgd,mf,2011,4077.368896484375
bgd,m,2011,3501.9130859375
bgd,f,2011,575.4559936523438
brb,mf,1994,0.4000000059604645
brb,m,1994,0.30000001192092896
brb,f,1994,0.10000000149011612
brb,mf,1995,0.5
brb,m,1995,0.30000001192092896
brb,f,1995,0.10000000149011612
brb,mf,1996,1.2999999523162842
brb,m,1996,0.6000000238418579
brb,f,1996,0.699999988079071
brb,mf,1997,1.0
brb,m,1997,0.5
brb,f,1997,0.5
brb,mf,1998,1.100000023841858
brb,m,1998,0.699999988079071
brb,f,1998,0.4000000059604645
brb,mf,1999,0.699999988079071
brb,m,1999,0.6000000238418579
brb,f,1999,0.20000000298023224
brb,mf,2000,0.6000000238418579
brb,m,2000,0.30000001192092896
brb,f,2000,0.20000000298023224
brb,mf,2001,0.5
brb,m,2001,0.4000000059604645
brb,f,2001,0.10000000149011612
brb,mf,2002,0.5
brb,m,2002,0.5
brb,f,2002,0.20000000298023224
brb,mf,2003,0.4000000059604645
brb,m,2003,0.20000000298023224
brb,f,2003,0.10000000149011612
brb,mf,2004,0.5
brb,m,2004,0.4000000059604645
brb,f,2004,0.10000000149011612
brb,mf,2013,0.10000000149011612
brb,m,2013,0.10000000149011612
brb,f,2013,0.0
blr,mf,2009,122.55599975585938
blr,m,2009,59.4739990234375
blr,f,2009,63.082000732421875
bel,mf,1983,0.6119999885559082
bel,m,1983,0.6119999885559082
bel,f,1983,0.0
bel,mf,1984,0.4189999997615814
bel,m,1984,0.20100000500679016
bel,f,1984,0.21799999475479126
bel,mf,1985,0.1860000044107437
bel,m,1985,0.1860000044107437
bel,f,1985,0.0
bel,mf,2006,0.164000004529953
bel,m,2006,0.15199999511241913
bel,f,2006,0.012000000104308128
blz,mf,1993,0.10499999672174454
blz,m,1993,0.09000000357627869
blz,f,1993,0.014999999664723873
blz,mf,1994,0.11500000208616257
blz,m,1994,0.06499999761581421
blz,f,1994,0.05000000074505806
blz,mf,1995,0.09000000357627869
blz,m,1995,0.06499999761581421
blz,f,1995,0.02500000037252903
blz,mf,1996,0.2150000035762787
blz,m,1996,0.18000000715255737
blz,f,1996,0.03500000014901161
blz,mf,1997,0.05000000074505806
blz,m,1997,0.03500000014901161
blz,f,1997,0.014999999664723873
blz,mf,1998,0.10999999940395355
blz,m,1998,0.09000000357627869
blz,f,1998,0.019999999552965164
blz,mf,1999,0.08500000089406967
blz,m,1999,0.07000000029802322
blz,f,1999,0.014999999664723873
blz,mf,2005,0.10400000214576721
blz,m,2005,0.07400000095367432
blz,f,2005,0.029999999329447746
ben,mf,2010,70.49099731445312
ben,m,2010,39.59000015258789
ben,f,2010,30.902000427246094
bmu,mf,2009,0.01600000075995922
bmu,m,2009,0.0
bmu,f,2009,0.01600000075995922
bmu,mf,2010,0.27799999713897705
bmu,m,2010,0.14100000262260437
bmu,f,2010,0.47600001096725464
bmu,mf,2012,0.04399999976158142
bmu,m,2012,0.032999999821186066
bmu,f,2012,0.012000000104308128
bol,mf,1999,68.5999984741211
bol,m,1999,3.4000000953674316
bol,f,1999,65.19999694824219
bol,mf,2000,93.5
bol,m,2000,2.0
bol,f,2000,91.5
bol,mf,2001,118.5
bol,m,2001,4.599999904632568
bol,f,2001,114.0
bol,mf,2002,89.30000305175781
bol,m,2002,3.0999999046325684
bol,f,2002,86.19999694824219
bol,mf,2006,0.5109999775886536
bol,m,2006,0.12099999934434891
bol,f,2006,0.38999998569488525
bol,mf,2007,157.0
bol,m,2007,6.800000190734863
bol,f,2007,150.1999969482422
bwa,mf,1984,0.14000000059604645
bwa,m,1984,0.10000000149011612
bwa,f,1984,0.03999999910593033
bwa,mf,2010,94.18499755859375
bwa,m,2010,50.09199905395508
bwa,f,2010,44.09299850463867
bra,mf,1990,0.23899999260902405
bra,m,1990,0.23899999260902405
bra,f,1990,0.0
bra,mf,1992,0.4339999854564667
bra,m,1992,0.21699999272823334
bra,f,1992,0.21699999272823334
bra,mf,1993,0.3619999885559082
bra,m,1993,0.3619999885559082
bra,f,1993,0.0
bra,mf,1995,8.119999885559082
bra,m,1995,4.326000213623047
bra,f,1995,3.7939999103546143
bra,mf,1996,25.177000045776367
bra,m,1996,17.673999786376953
bra,f,1996,7.502999782562256
bra,mf,2000,2033.1409912109375
bra,m,2000,1406.509033203125
bra,f,2000,626.6320190429688
bra,mf,2001,3.0
bra,m,2001,2.0
bra,f,2001,1.0
bra,mf,2002,3.0
bra,m,2002,2.0
bra,f,2002,0.0
bra,mf,2003,0.0
bra,m,2003,0.0
bra,f,2003,0.0
bra,mf,2004,0.0
bra,m,2004,0.0
bra,f,2004,0.0
bra,mf,2005,4021.0
bra,m,2005,1341.0
bra,f,2005,2679.0
bra,mf,2006,4177.0
bra,m,2006,1508.0
bra,f,2006,2669.0
bra,mf,2007,4036.0
bra,m,2007,1572.0
bra,f,2007,2464.0
bra,mf,2008,4161.27490234375
bra,m,2008,1642.655029296875
bra,f,2008,2518.6201171875
bra,mf,2009,3883.575927734375
bra,m,2009,1615.489013671875
bra,f,2009,2268.0869140625
bra,mf,2011,3860.571044921875
bra,m,2011,1812.3690185546875
bra,f,2011,2048.201904296875
bra,mf,2012,3771.468994140625
bra,m,2012,1743.696044921875
bra,f,2012,2027.77294921875
bra,mf,2013,4342.0341796875
bra,m,2013,2027.4210205078125
bra,f,2013,2314.613037109375
vgb,mf,1991,0.050999999046325684
vgb,m,1991,0.03099999949336052
vgb,f,1991,0.019999999552965164
bgr,mf,2000,15.076000213623047
bgr,m,2000,8.598999977111816
bgr,f,2000,6.47599983215332
bgr,mf,2001,17.027000427246094
bgr,m,2001,7.739999771118164
bgr,f,2001,9.286999702453613
bgr,mf,2002,13.435999870300293
bgr,m,2002,8.73799991607666
bgr,f,2002,4.697999954223633
bgr,mf,2003,10.373000144958496
bgr,m,2003,6.703000068664551
bgr,f,2003,3.6710000038146973
bgr,mf,2004,9.411999702453613
bgr,m,2004,6.010000228881836
bgr,f,2004,3.4010000228881836
bgr,mf,2005,6.84499979019165
bgr,m,2005,4.572999954223633
bgr,f,2005,2.2720000743865967
bfa,mf,1985,12.590999603271484
bfa,m,1985,11.291000366210938
bfa,f,1985,1.2999999523162842
bfa,mf,1994,39.46900177001953
bfa,m,1994,32.801998138427734
bfa,f,1994,6.666999816894531
bfa,mf,2006,133.0019989013672
bfa,m,2006,72.43199920654297
bfa,f,2006,60.56999969482422
bdi,mf,1998,7.0289998054504395
bdi,m,1998,5.984000205993652
bdi,f,1998,1.0449999570846558
bdi,mf,2004,4.699999809265137
bdi,mf,2005,33.16699981689453
bdi,mf,2006,34.29399871826172
bdi,mf,2007,35.18899917602539
bdi,mf,2008,124.72200012207031
bdi,m,2008,59.33599853515625
bdi,f,2008,65.38600158691406
bdi,mf,2009,67.19200134277344
bdi,mf,2010,4.236999988555908
khm,mf,2000,6.23199987411499
khm,m,2000,5.122000217437744
khm,f,2000,1.1089999675750732
khm,mf,2001,6.645999908447266
khm,m,2001,3.628000020980835
khm,f,2001,3.0179998874664307
khm,mf,2004,10.913000106811523
khm,mf,2008,3.3420000076293945
khm,m,2008,2.247999906539917
khm,f,2008,1.093999981880188
cmr,mf,1996,95.80000305175781
cmr,m,1996,67.19999694824219
cmr,f,1996,28.600000381469727
cmr,mf,2001,193.60000610351562
cmr,m,2001,124.0
cmr,f,2001,70.0
cmr,mf,2010,250.10800170898438
cmr,m,2010,122.7509994506836
cmr,f,2010,127.35700225830078
cpv,mf,2000,26.965999603271484
cpv,m,2000,13.12600040435791
cpv,f,2000,13.84000015258789
cym,mf,2007,0.1809999942779541
cym,m,2007,0.10000000149011612
cym,f,2007,0.08100000023841858
cym,mf,2008,0.25099998712539673
cym,m,2008,0.14100000262260437
cym,f,2008,0.10999999940395355
cym,mf,2011,0.20900000631809235
cym,m,2011,0.09399999678134918
cym,f,2011,0.11500000208616257
cym,mf,2012,0.1120000034570694
cym,m,2012,0.0560000017285347
cym,f,2012,0.0560000017285347
tcd,mf,1993,25.89900016784668
tcd,m,1993,14.449000358581543
tcd,f,1993,11.449999809265137
chl,mf,1990,83.5999984741211
chl,m,1990,41.95000076293945
chl,f,1990,41.650001525878906
chl,mf,1992,80.25
chl,m,1992,39.5
chl,f,1992,40.75
chl,mf,1994,63.650001525878906
chl,m,1994,22.530000686645508
chl,f,1994,41.119998931884766
col,mf,2008,6.3480000495910645
col,m,2008,3.8919999599456787
col,f,2008,2.4570000171661377
col,mf,2009,20.777000427246094
col,m,2009,11.281000137329102
col,f,2009,9.496000289916992
col,mf,2010,17.488000869750977
col,m,2010,7.645999908447266
col,f,2010,9.842000007629395
col,mf,2011,20.81100082397461
col,m,2011,4.8379998207092285
col,f,2011,15.973999977111816
col,mf,2012,25.45199966430664
col,m,2012,8.185999870300293
col,f,2012,17.266000747680664
col,mf,2013,26.645000457763672
col,m,2013,9.949000358581543
col,f,2013,16.695999145507812
cog,mf,2005,25.277999877929688
cog,m,2005,16.187999725341797
cog,f,2005,9.09000015258789
civ,mf,2002,245.32899475097656
civ,m,2002,154.39199829101562
civ,f,2002,90.93699645996094
civ,mf,2012,138.1929931640625
civ,m,2012,79.03900146484375
civ,f,2012,59.15399932861328
cze,mf,1998,0.367000013589859
cze,m,1998,0.367000013589859
cze,f,1998,0.0
cze,mf,2000,0.3720000088214874
cze,m,2000,0.3720000088214874
cze,f,2000,0.0
cze,mf,2001,0.75
cze,m,2001,0.5809999704360962
cze,f,2001,0.16899999976158142
cze,mf,2002,0.9340000152587891
cze,m,2002,0.8080000281333923
cze,f,2002,0.125
cze,mf,2003,0.20600000023841858
cze,m,2003,0.0
cze,f,2003,0.20600000023841858
cze,mf,2004,0.3400000035762787
cze,m,2004,0.10700000077486038
cze,f,2004,0.2329999953508377
cze,mf,2005,0.06700000166893005
cze,m,2005,0.06700000166893005
cze,f,2005,0.0
cze,mf,2006,0.6480000019073486
cze,m,2006,0.6480000019073486
cze,f,2006,0.0
cze,mf,2007,0.7179999947547913
cze,m,2007,0.7179999947547913
cze,f,2007,0.0
cze,mf,2008,0.1469999998807907
cze,m,2008,0.0
cze,f,2008,0.1469999998807907
cze,mf,2010,0.11500000208616257
cze,m,2010,0.11500000208616257
cze,f,2010,0.0
dnk,mf,1984,0.4950000047683716
dnk,m,1984,0.16599999368190765
dnk,f,1984,0.32899999618530273
dnk,mf,1993,0.17100000381469727
dnk,m,1993,0.17100000381469727
dnk,f,1993,0.0
dnk,mf,1994,1.437999963760376
dnk,m,1994,0.765999972820282
dnk,f,1994,0.6710000038146973
dnk,mf,1999,0.08299999684095383
dnk,m,1999,0.0
dnk,f,1999,0.08299999684095383
dnk,mf,2000,0.9290000200271606
dnk,m,2000,0.8690000176429749
dnk,f,2000,0.061000000685453415
dnk,mf,2002,0.3449999988079071
dnk,m,2002,0.0
dnk,f,2002,0.3449999988079071
dnk,mf,2003,1.3309999704360962
dnk,m,2003,0.9649999737739563
dnk,f,2003,0.3659999966621399
dnk,mf,2004,0.8769999742507935
dnk,m,2004,0.47999998927116394
dnk,f,2004,0.3970000147819519
dnk,mf,2005,0.6259999871253967
dnk,m,2005,0.3050000071525574
dnk,f,2005,0.32100000977516174
dnk,mf,2006,0.03099999949336052
dnk,m,2006,0.0
dnk,f,2006,0.03099999949336052
dnk,mf,2010,0.0
dnk,m,2010,0.0
dnk,f,2010,0.0
dnk,mf,2011,0.0
dnk,m,2011,0.0
dnk,f,2011,0.0
dnk,mf,2012,0.0
dnk,m,2012,0.0
dnk,f,2012,0.0
dnk,mf,2013,0.0
dnk,m,2013,0.0
dnk,f,2013,0.0
dnk,mf,2014,0.0
dnk,m,2014,0.0
dnk,f,2014,0.0
dma,mf,1991,0.5199999809265137
dma,m,1991,0.3799999952316284
dma,f,1991,0.14000000059604645
dma,mf,1997,0.14000000059604645
dma,m,1997,0.11999999731779099
dma,f,1997,0.019999999552965164
dma,mf,1999,0.1899999976158142
dma,m,1999,0.10999999940395355
dma,f,1999,0.07999999821186066
dma,mf,2001,0.20000000298023224
dma,m,2001,0.14000000059604645
dma,f,2001,0.05999999865889549
dom,mf,2010,813.7410278320312
dom,m,2010,221.4010009765625
dom,f,2010,592.3400268554688
ecu,mf,1988,116.0999984741211
ecu,m,1988,5.099999904632568
ecu,f,1988,110.9000015258789
ecu,mf,1989,106.4000015258789
ecu,m,1989,7.800000190734863
ecu,f,1989,98.5999984741211
ecu,mf,1990,105.5
ecu,m,1990,8.899999618530273
ecu,f,1990,96.5999984741211
ecu,mf,1991,124.19999694824219
ecu,m,1991,9.199999809265137
ecu,f,1991,115.0
ecu,mf,1992,116.30000305175781
ecu,m,1992,9.199999809265137
ecu,f,1992,106.80000305175781
ecu,mf,1993,118.5
ecu,m,1993,6.900000095367432
ecu,f,1993,111.5999984741211
ecu,mf,1994,127.19999694824219
ecu,m,1994,5.699999809265137
ecu,f,1994,121.5
ecu,mf,1995,138.10000610351562
ecu,m,1995,10.899999618530273
ecu,f,1995,127.30000305175781
ecu,mf,1996,138.0
ecu,m,1996,11.0
ecu,f,1996,127.0
ecu,mf,1997,154.10000610351562
ecu,m,1997,12.699999809265137
ecu,f,1997,141.3000030517578
ecu,mf,1998,173.89999389648438
ecu,m,1998,17.0
ecu,f,1998,156.89999389648438
ecu,mf,1999,0.0
ecu,m,1999,0.0
ecu,f,1999,0.0
ecu,mf,2001,22.77199935913086
ecu,m,2001,7.244999885559082
ecu,f,2001,15.527000427246094
ecu,mf,2013,0.0
ecu,m,2013,0.0
ecu,f,2013,0.0
slv,mf,1993,20.270000457763672
slv,m,1993,12.949999809265137
slv,f,1993,7.320000171661377
slv,mf,1994,13.579999923706055
slv,m,1994,12.539999961853027
slv,f,1994,1.0399999618530273
slv,mf,1995,92.69999694824219
slv,m,1995,20.5
slv,f,1995,72.19999694824219
slv,mf,1996,102.5999984741211
slv,m,1996,17.0
slv,f,1996,85.5999984741211
slv,mf,1997,98.30000305175781
slv,m,1997,11.5
slv,f,1997,86.69999694824219
slv,mf,1998,2.799999952316284
slv,m,1998,2.299999952316284
slv,f,1998,0.5
slv,mf,1999,2.0999999046325684
slv,m,1999,1.399999976158142
slv,f,1999,0.699999988079071
slv,mf,2000,105.0
slv,m,2000,14.5
slv,f,2000,90.5999984741211
slv,mf,2001,119.0
slv,m,2001,19.299999237060547
slv,f,2001,99.69999694824219
slv,mf,2002,112.5
slv,m,2002,25.100000381469727
slv,f,2002,87.4000015258789
slv,mf,2003,117.0
slv,m,2003,22.200000762939453
slv,f,2003,94.80000305175781
slv,mf,2004,114.9000015258789
slv,m,2004,17.600000381469727
slv,f,2004,97.30000305175781
slv,mf,2005,108.80000305175781
slv,m,2005,18.899999618530273
slv,f,2005,89.9000015258789
slv,mf,2006,127.5999984741211
slv,m,2006,21.700000762939453
slv,f,2006,105.9000015258789
slv,mf,2007,4.677999973297119
slv,m,2007,4.63100004196167
slv,f,2007,0.04699999839067459
slv,mf,2008,7.080999851226807
slv,m,2008,6.36299991607666
slv,f,2008,0.7179999947547913
slv,mf,2009,0.21899999678134918
slv,m,2009,0.12999999523162842
slv,f,2009,0.08900000154972076
slv,mf,2010,0.20399999618530273
slv,m,2010,0.1379999965429306
slv,f,2010,0.06599999964237213
slv,mf,2011,0.503000020980835
slv,m,2011,0.18799999356269836
slv,f,2011,0.3149999976158142
slv,mf,2012,1.1979999542236328
slv,m,2012,0.20200000703334808
slv,f,2012,0.9959999918937683
slv,mf,2013,122.22000122070312
slv,m,2013,13.925000190734863
slv,f,2013,108.29499816894531
gnq,mf,1983,0.8999999761581421
gnq,m,1983,0.6000000238418579
gnq,f,1983,0.0
est,mf,1989,1.7000000476837158
est,m,1989,0.6000000238418579
est,f,1989,1.2000000476837158
est,mf,1990,3.0
est,m,1990,1.5
est,f,1990,1.5
est,mf,1991,4.0
est,m,1991,2.5
est,f,1991,1.5
est,mf,1992,5.099999904632568
est,m,1992,3.5
est,f,1992,1.600000023841858
est,mf,1993,6.199999809265137
est,m,1993,3.9000000953674316
est,f,1993,2.299999952316284
est,mf,1994,6.199999809265137
est,m,1994,3.9000000953674316
est,f,1994,2.299999952316284
eth,mf,1981,154.02999877929688
eth,m,1981,65.5999984741211
eth,f,1981,85.38999938964844
eth,mf,1987,412.70001220703125
eth,m,1987,348.79998779296875
eth,f,1987,63.79999923706055
eth,mf,1994,257.2300109863281
eth,m,1994,144.74000549316406
eth,f,1994,112.48999786376953
eth,mf,1999,128.10000610351562
eth,m,1999,66.4000015258789
eth,f,1999,61.70000076293945
eth,mf,2005,97.0
eth,m,2005,62.599998474121094
eth,f,2005,34.400001525878906
eth,mf,2006,33.779998779296875
eth,m,2006,21.974000930786133
eth,f,2006,11.805999755859375
eth,mf,2009,43.87300109863281
eth,m,2009,29.05699920654297
eth,f,2009,14.815999984741211
eth,mf,2010,53.5880012512207
eth,m,2010,39.71900177001953
eth,f,2010,13.869000434875488
eth,mf,2011,80.0199966430664
eth,m,2011,46.72600173950195
eth,f,2011,33.29399871826172
eth,mf,2012,58.13999938964844
eth,m,2012,36.810001373291016
eth,f,2012,21.33099937438965
eth,mf,2013,217.38299560546875
eth,m,2013,108.6780014038086
eth,f,2013,108.70500183105469
flk,mf,2013,0.0020000000949949026
flk,m,2013,0.0010000000474974513
flk,f,2013,0.0010000000474974513
fji,mf,2004,3.562000036239624
fji,m,2004,2.3570001125335693
fji,f,2004,1.2050000429153442
fji,mf,2005,4.199999809265137
fji,m,2005,1.5
fji,f,2005,2.799999952316284
fji,mf,2007,26.516000747680664
fji,m,2007,21.639999389648438
fji,f,2007,4.875999927520752
fin,mf,1995,0.17599999904632568
fin,m,1995,0.0
fin,f,1995,0.17599999904632568
fin,mf,1996,1.090999960899353
fin,m,1996,1.090999960899353
fin,f,1996,0.0
fin,mf,1997,0.12099999934434891
fin,m,1997,0.0
fin,f,1997,0.12099999934434891
fin,mf,1999,0.10899999737739563
fin,m,1999,0.10899999737739563
fin,f,1999,0.0
fin,mf,2000,0.41499999165534973
fin,m,2000,0.12800000607967377
fin,f,2000,0.28700000047683716
fin,mf,2003,0.0
fin,m,2003,0.0
fin,f,2003,0.0
fin,mf,2004,0.0
fin,m,2004,0.0
fin,f,2004,0.0
fin,mf,2005,0.03799999877810478
fin,m,2005,0.03799999877810478
fin,f,2005,0.0
fin,mf,2006,0.0
fin,m,2006,0.0
fin,f,2006,0.0
fin,mf,2007,0.06700000166893005
fin,m,2007,0.06700000166893005
fin,f,2007,0.0
fin,mf,2008,0.07199999690055847
fin,m,2008,0.07199999690055847
fin,f,2008,0.0
fin,mf,2014,0.0
fin,m,2014,0.0
fin,f,2014,0.0
fra,mf,2013,1.2719999551773071
fra,m,2013,0.621999979019165
fra,f,2013,0.6499999761581421
fra,mf,2014,1.8380000591278076
fra,m,2014,0.6600000262260437
fra,f,2014,1.1779999732971191
guf,mf,2007,0.4000000059604645
guf,mf,2008,0.4000000059604645
gab,mf,1993,16.972000122070312
gab,m,1993,6.004000186920166
gab,f,1993,10.968000411987305
gab,mf,2005,4.173999786376953
gab,m,2005,2.822000026702881
gab,f,2005,1.3519999980926514
gab,mf,2010,2.8389999866485596
gab,m,2010,1.8739999532699585
gab,f,2010,0.9660000205039978
gmb,mf,2012,9.833000183105469
gmb,m,2012,8.845000267028809
gmb,f,2012,0.9879999756813049
geo,mf,1998,14.199999809265137
geo,m,1998,8.100000381469727
geo,f,1998,6.099999904632568
geo,mf,1999,18.399999618530273
geo,m,1999,10.300000190734863
geo,f,1999,8.199999809265137
geo,mf,2000,14.600000381469727
geo,m,2000,8.399999618530273
geo,f,2000,6.199999809265137
geo,mf,2001,15.100000381469727
geo,m,2001,8.699999809265137
geo,f,2001,6.400000095367432
geo,mf,2002,4.0
geo,m,2002,3.0
geo,f,2002,1.0
geo,mf,2003,1.2000000476837158
geo,m,2003,0.800000011920929
geo,f,2003,0.4000000059604645
geo,mf,2004,2.299999952316284
geo,m,2004,1.7999999523162842
geo,f,2004,0.5
geo,mf,2005,4.900000095367432
geo,m,2005,2.5
geo,f,2005,2.4000000953674316
geo,mf,2006,1.7999999523162842
geo,mf,2007,0.10000000149011612
geo,mf,2008,1.100000023841858
geo,m,2008,1.0
geo,f,2008,0.10000000149011612
geo,mf,2009,1.2000000476837158
geo,m,2009,1.2000000476837158
geo,f,2009,0.10000000149011612
geo,mf,2010,2.4000000953674316
geo,m,2010,1.600000023841858
geo,f,2010,0.800000011920929
geo,mf,2011,6.794000148773193
geo,m,2011,2.5290000438690186
geo,f,2011,4.264999866485596
geo,mf,2012,7.425000190734863
geo,m,2012,3.2109999656677246
geo,f,2012,4.214000225067139
geo,mf,2013,10.0
geo,m,2013,4.800000190734863
geo,f,2013,5.199999809265137
gha,mf,2010,17.666000366210938
gha,m,2010,9.61299991607666
gha,f,2010,8.053000450134277
grd,mf,1991,1.4299999475479126
grd,m,1991,1.1200000047683716
grd,f,1991,0.3100000023841858
grd,mf,1996,0.38999998569488525
grd,m,1996,0.2800000011920929
grd,f,1996,0.10999999940395355
grd,mf,1998,1.6519999504089355
grd,m,1998,1.409999966621399
grd,f,1998,0.24199999868869781
glp,mf,2007,1.7999999523162842
glp,mf,2008,1.2000000476837158
gtm,mf,2010,914.2379760742188
gtm,m,2010,514.4860229492188
gtm,f,2010,399.75201416015625
gtm,mf,2013,1350.116943359375
gtm,m,2013,1007.958984375
gtm,f,2013,342.1579895019531
gin,mf,2009,269.9649963378906
gin,m,2009,188.02499389648438
gin,f,2009,81.94000244140625
gin,mf,2010,278.20098876953125
gin,m,2010,193.14199829101562
gin,f,2010,85.05899810791016
gin,mf,2011,269.2080078125
gin,m,2011,187.6199951171875
gin,f,2011,81.58799743652344
gin,mf,2012,277.5530090332031
gin,m,2012,193.43600463867188
gin,f,2012,84.11699676513672
hti,mf,1990,35.970001220703125
hti,m,1990,19.270000457763672
hti,f,1990,16.700000762939453
hnd,mf,2008,0.06199999898672104
hnd,m,2008,0.0
hnd,f,2008,0.06199999898672104
hnd,mf,2010,0.27399998903274536
hnd,m,2010,0.0
hnd,f,2010,0.27399998903274536
hun,mf,1992,57.0
hun,m,1992,57.0
hun,f,1992,0.0
hun,mf,1993,57.0
hun,m,1993,57.0
hun,f,1993,0.0
hun,mf,1994,59.0
hun,m,1994,59.0
hun,f,1994,0.0
hun,mf,1995,56.0
hun,m,1995,56.0
hun,f,1995,0.0
hun,mf,2014,15.652999877929688
hun,m,2014,7.999000072479248
hun,f,2014,7.6539998054504395
isl,mf,2000,0.050999999046325684
isl,m,2000,0.050999999046325684
isl,f,2000,0.0
isl,mf,2003,0.8759999871253967
isl,m,2003,0.42500001192092896
isl,f,2003,0.45100000500679016
isl,mf,2004,0.9409999847412109
isl,m,2004,0.5730000138282776
isl,f,2004,0.36800000071525574
isl,mf,2005,1.975000023841858
isl,m,2005,0.8569999933242798
isl,f,2005,1.1180000305175781
isl,mf,2006,1.1929999589920044
isl,m,2006,0.7200000286102295
isl,f,2006,0.4729999899864197
isl,mf,2007,0.8220000267028809
isl,m,2007,0.34299999475479126
isl,f,2007,0.4790000021457672
isl,mf,2008,1.00600004196167
isl,m,2008,0.47999998927116394
isl,f,2008,0.5260000228881836
isl,mf,2009,0.9539999961853027
isl,m,2009,0.3149999976158142
isl,f,2009,0.6380000114440918
isl,mf,2010,1.1299999952316284
isl,m,2010,0.675000011920929
isl,f,2010,0.45399999618530273
isl,mf,2011,1.121999979019165
isl,m,2011,0.5910000205039978
isl,f,2011,0.531000018119812
isl,mf,2012,2.8529999256134033
isl,m,2012,1.3170000314712524
isl,f,2012,1.534999966621399
isl,mf,2013,1.2330000400543213
isl,m,2013,0.7099999785423279
isl,f,2013,0.5230000019073486
isl,mf,2014,1.0809999704360962
isl,m,2014,0.6499999761581421
isl,f,2014,0.4320000112056732
idn,mf,2013,11254.3701171875
idn,m,2013,8407.111328125
idn,f,2013,2847.262939453125
irn,mf,1996,463.0
irn,m,1996,384.0
irn,f,1996,79.0
irn,mf,2007,101.0
irn,m,2007,70.0
irn,f,2007,31.0
irn,mf,2009,0.0
irn,m,2009,0.0
irn,f,2009,0.0
irn,mf,2010,0.0
irn,m,2010,0.0
irn,f,2010,0.0
irl,mf,1984,0.057999998331069946
irl,m,1984,0.029999999329447746
irl,f,1984,0.02800000086426735
irl,mf,1985,0.10899999737739563
irl,m,1985,0.0860000029206276
irl,f,1985,0.02199999988079071
irl,mf,1986,0.39500001072883606
irl,m,1986,0.2669999897480011
irl,f,1986,0.1289999932050705
irl,mf,1987,0.8080000281333923
irl,m,1987,0.4790000021457672
irl,f,1987,0.32899999618530273
irl,mf,1988,0.1770000010728836
irl,m,1988,0.12200000137090683
irl,f,1988,0.054999999701976776
irl,mf,1989,0.04500000178813934
irl,m,1989,0.026000000536441803
irl,f,1989,0.01899999938905239
irl,mf,1990,0.27799999713897705
irl,m,1990,0.23000000417232513
irl,f,1990,0.04800000041723251
irl,mf,1991,0.1770000010728836
irl,m,1991,0.12099999934434891
irl,f,1991,0.0560000017285347
irl,mf,1992,0.28700000047683716
irl,m,1992,0.16699999570846558
irl,f,1992,0.11999999731779099
irl,mf,1993,0.13699999451637268
irl,m,1993,0.07900000363588333
irl,f,1993,0.05700000002980232
irl,mf,1994,0.5860000252723694
irl,m,1994,0.4519999921321869
irl,f,1994,0.13500000536441803
irl,mf,1995,0.4269999861717224
irl,m,1995,0.3400000035762787
irl,f,1995,0.08699999749660492
irl,mf,1996,0.125
irl,m,1996,0.04399999976158142
irl,f,1996,0.08100000023841858
irl,mf,1997,0.42800000309944153
irl,m,1997,0.2590000033378601
irl,f,1997,0.16899999976158142
ita,mf,1988,0.6359999775886536
ita,m,1988,0.0
ita,f,1988,0.6359999775886536
jam,mf,1991,3.0
jam,m,1991,1.5
jam,f,1991,1.5
jam,mf,1992,4.300000190734863
jam,m,1992,2.299999952316284
jam,f,1992,2.0
jam,mf,1993,6.300000190734863
jam,m,1993,3.5999999046325684
jam,f,1993,2.700000047683716
jam,mf,1994,4.800000190734863
jam,m,1994,3.0999999046325684
jam,f,1994,1.7000000476837158
jam,mf,1995,7.400000095367432
jam,m,1995,4.199999809265137
jam,f,1995,3.200000047683716
jam,mf,1996,6.699999809265137
jam,m,1996,3.9000000953674316
jam,f,1996,2.799999952316284
jam,mf,1997,9.899999618530273
jam,m,1997,5.599999904632568
jam,f,1997,4.300000190734863
jam,mf,1998,5.199999809265137
jam,m,1998,3.200000047683716
jam,f,1998,2.0
jam,mf,1999,5.099999904632568
jam,m,1999,2.4000000953674316
jam,f,1999,2.700000047683716
jam,mf,2000,4.300000190734863
jam,m,2000,2.0999999046325684
jam,f,2000,2.200000047683716
jam,mf,2001,4.599999904632568
jam,m,2001,2.9000000953674316
jam,f,2001,1.7000000476837158
jam,mf,2002,3.9000000953674316
jam,m,2002,2.0999999046325684
jam,f,2002,1.7999999523162842
jam,mf,2003,5.099999904632568
jam,m,2003,3.200000047683716
jam,f,2003,1.899999976158142
jam,mf,2004,2.299999952316284
jam,m,2004,1.7000000476837158
jam,f,2004,0.6000000238418579
jam,mf,2005,4.199999809265137
jam,m,2005,2.5
jam,f,2005,1.7000000476837158
jam,mf,2006,3.0
jam,m,2006,0.8999999761581421
jam,f,2006,2.0999999046325684
jam,mf,2007,3.299999952316284
jam,m,2007,1.2999999523162842
jam,f,2007,2.0
jam,mf,2008,2.0
jam,m,2008,0.8999999761581421
jam,f,2008,1.100000023841858
jam,mf,2011,2.299999952316284
jam,m,2011,1.2000000476837158
jam,f,2011,1.100000023841858
jam,mf,2012,1.7000000476837158
jam,m,2012,0.8500000238418579
jam,f,2012,0.8500000238418579
jor,mf,2004,2.4130001068115234
jor,m,2004,1.7960000038146973
jor,f,2004,0.6169999837875366
ken,mf,1999,336.8190002441406
ken,m,1999,197.0570068359375
ken,f,1999,151.5540008544922
kir,mf,2000,3.0
kir,m,2000,1.0
kir,f,2000,2.0
kir,mf,2005,0.01600000075995922
kir,m,2005,0.010999999940395355
kir,f,2005,0.004999999888241291
kir,mf,2010,0.578000009059906
kir,m,2010,0.35499998927116394
kir,f,2010,0.22300000488758087
kgz,mf,2009,138.3000030517578
kgz,m,2009,55.29999923706055
kgz,f,2009,83.0
kgz,mf,2010,151.6999969482422
kgz,m,2010,64.69999694824219
kgz,f,2010,87.0
kgz,mf,2011,147.718994140625
kgz,m,2011,64.27999877929688
kgz,f,2011,83.43900299072266
kgz,mf,2012,138.19400024414062
kgz,m,2012,58.7599983215332
kgz,f,2012,79.43499755859375
kgz,mf,2013,91.21800231933594
kgz,m,2013,36.35900115966797
kgz,f,2013,54.86000061035156
lva,mf,1998,1.9320000410079956
lva,m,1998,1.1230000257492065
lva,f,1998,0.8090000152587891
lva,mf,1999,2.9830000400543213
lva,m,1999,1.1649999618530273
lva,f,1999,1.8179999589920044
lva,mf,2000,1.6019999980926514
lva,m,2000,1.0329999923706055
lva,f,2000,0.5680000185966492
lva,mf,2001,2.257999897003174
lva,m,2001,1.7039999961853027
lva,f,2001,0.5540000200271606
lva,mf,2006,0.12999999523162842
lva,m,2006,0.12999999523162842
lva,f,2006,0.0
lva,mf,2013,0.1809999942779541
lva,m,2013,0.057999998331069946
lva,f,2013,0.12200000137090683
lva,mf,2014,0.07699999958276749
lva,m,2014,0.07699999958276749
lva,f,2014,0.0
lbn,mf,2004,11.399999618530273
lbn,m,2004,8.100000381469727
lbn,f,2004,3.299999952316284
lbn,mf,2007,6.800000190734863
lbn,m,2007,4.5
lbn,f,2007,2.299999952316284
lso,mf,1999,29.466999053955078
lso,m,1999,13.288000106811523
lso,f,1999,16.179000854492188
lso,mf,2008,3.2860000133514404
lso,m,2008,1.8919999599456787
lso,f,2008,1.3930000066757202
lbr,mf,2007,10.0
lbr,m,2007,6.0
lbr,f,2007,3.0
lbr,mf,2010,2.503999948501587
lbr,m,2010,1.2899999618530273
lbr,f,2010,1.2139999866485596
lux,mf,1983,0.052000001072883606
lux,m,1983,0.013000000268220901
lux,f,1983,0.039000000804662704
lux,mf,1985,0.06300000101327896
lux,m,1985,0.04600000008940697
lux,f,1985,0.017000000923871994
lux,mf,1986,0.03500000014901161
lux,m,1986,0.0
lux,f,1986,0.03500000014901161
lux,mf,1987,0.014999999664723873
lux,m,1987,0.014999999664723873
lux,f,1987,0.0
lux,mf,1992,0.04500000178813934
lux,m,1992,0.04500000178813934
lux,f,1992,0.0
lux,mf,1998,0.23800000548362732
lux,m,1998,0.1550000011920929
lux,f,1998,0.08299999684095383
lux,mf,2010,0.3409999907016754
lux,m,2010,0.13099999725818634
lux,f,2010,0.20999999344348907
lux,mf,2011,0.20000000298023224
lux,m,2011,0.04600000008940697
lux,f,2011,0.15399999916553497
lux,mf,2012,0.36899998784065247
lux,m,2012,0.13699999451637268
lux,f,2012,0.23199999332427979
lux,mf,2013,0.7210000157356262
lux,m,2013,0.4050000011920929
lux,f,2013,0.3160000145435333
lux,mf,2014,0.37299999594688416
lux,m,2014,0.2329999953508377
lux,f,2014,0.14000000059604645
mac,mf,2013,0.0
mac,m,2013,0.0
mac,f,2013,0.0
mdg,mf,1993,96.0
mdg,m,1993,53.79999923706055
mdg,f,1993,42.20000076293945
mdg,mf,2003,58.900001525878906
mdg,m,2003,33.400001525878906
mdg,f,2003,25.399999618530273
mdg,mf,2005,11.5
mdg,m,2005,6.400000095367432
mdg,f,2005,5.099999904632568
mdg,mf,2010,22.29800033569336
mdg,m,2010,11.354999542236328
mdg,f,2010,10.942999839782715
mys,mf,1991,116.69999694824219
mys,m,1991,69.19999694824219
mys,f,1991,47.5
mdv,mf,1990,2.447999954223633
mdv,m,1990,1.8519999980926514
mdv,f,1990,0.5960000157356262
mdv,mf,1995,3.125999927520752
mdv,m,1995,2.1670000553131104
mdv,f,1995,0.9589999914169312
mdv,mf,2000,13.397000312805176
mdv,m,2000,4.611000061035156
mdv,f,2000,8.78600025177002
mdv,mf,2006,7.124000072479248
mdv,m,2006,6.775000095367432
mdv,f,2006,0.3490000069141388
mdv,mf,2010,11.71500015258789
mdv,m,2010,10.29800033569336
mdv,f,2010,1.4170000553131104
mli,mf,2006,55.26900100708008
mli,m,2006,47.82600021362305
mli,f,2006,7.442999839782715
mli,mf,2007,377.6669921875
mli,m,2007,224.67599487304688
mli,f,2007,152.99099731445312
mlt,mf,2009,0.0430000014603138
mlt,m,2009,0.024000000208616257
mlt,f,2009,0.01899999938905239
mhl,mf,1999,0.10000000149011612
mhl,m,1999,0.0
mhl,f,1999,0.10000000149011612
mtq,mf,2007,0.8999999761581421
mtq,mf,2008,0.800000011920929
mus,mf,1990,0.8999999761581421
mus,m,1990,0.6000000238418579
mus,f,1990,0.30000001192092896
mus,mf,1995,0.10000000149011612
mus,m,1995,0.10000000149011612
mus,f,1995,0.0
mus,mf,2000,1.100000023841858
mus,m,2000,0.699999988079071
mus,f,2000,0.4000000059604645
mus,mf,2004,1.2000000476837158
mus,m,2004,1.100000023841858
mus,f,2004,0.10000000149011612
mus,mf,2005,1.2999999523162842
mus,m,2005,1.0
mus,f,2005,0.30000001192092896
mus,mf,2006,1.2999999523162842
mus,m,2006,1.0
mus,f,2006,0.30000001192092896
mus,mf,2007,3.0
mus,m,2007,2.200000047683716
mus,f,2007,0.800000011920929
mus,mf,2008,2.0999999046325684
mus,m,2008,1.5
mus,f,2008,0.6000000238418579
mng,mf,2000,3.4000000953674316
mng,m,2000,2.5999999046325684
mng,f,2000,0.800000011920929
mng,mf,2003,1.2100000381469727
mng,m,2003,0.48500001430511475
mng,f,2003,0.7260000109672546
mng,mf,2007,0.06599999964237213
mng,m,2007,0.06599999964237213
mng,f,2007,0.0
mng,mf,2008,3.9010000228881836
mng,m,2008,2.2100000381469727
mng,f,2008,1.690999984741211
mng,mf,2009,1.7929999828338623
mng,m,2009,0.7599999904632568
mng,f,2009,1.0329999923706055
mng,mf,2010,2.3259999752044678
mng,m,2010,1.3380000591278076
mng,f,2010,0.9879999756813049
mng,mf,2011,5.138000011444092
mng,m,2011,3.486999988555908
mng,f,2011,1.6510000228881836
mng,mf,2012,2.7260000705718994
mng,m,2012,1.3450000286102295
mng,f,2012,1.38100004196167
msr,mf,1991,0.03999999910593033
msr,m,1991,0.029999999329447746
msr,f,1991,0.009999999776482582
mar,mf,1998,116.64199829101562
mar,m,1998,55.73500061035156
mar,f,1998,60.90800094604492
mar,mf,1999,327.6130065917969
mar,m,1999,270.3909912109375
mar,f,1999,57.22200012207031
mar,mf,2002,131.60000610351562
mar,m,2002,112.5999984741211
mar,f,2002,19.100000381469727
mar,mf,2003,104.19999694824219
mar,m,2003,91.4000015258789
mar,f,2003,12.800000190734863
mar,mf,2004,6.900000095367432
mar,m,2004,4.300000190734863
mar,f,2004,2.5999999046325684
mar,mf,2005,8.199999809265137
mar,m,2005,4.699999809265137
mar,f,2005,3.5
mar,mf,2006,12.876999855041504
mar,m,2006,6.73199987411499
mar,f,2006,6.144999980926514
mar,mf,2007,11.119000434875488
mar,m,2007,6.789000034332275
mar,f,2007,4.329999923706055
mar,mf,2008,10.20199966430664
mar,m,2008,6.293000221252441
mar,f,2008,3.9089999198913574
mar,mf,2009,236.54100036621094
mar,mf,2010,280.9259948730469
mar,mf,2011,283.7510070800781
mar,mf,2012,283.78399658203125
nam,mf,1994,6.539999961853027
nam,m,1994,3.3580000400543213
nam,f,1994,3.186000108718872
nam,mf,1997,6.409999847412109
nam,m,1997,3.509999990463257
nam,f,1997,2.9000000953674316
nam,mf,2000,8.473999977111816
nam,m,2000,4.9629998207092285
nam,f,2000,3.510999917984009
nam,mf,2001,23.125
nam,m,2001,12.517000198364258
nam,f,2001,10.607999801635742
nam,mf,2004,1.6959999799728394
nam,m,2004,0.9369999766349792
nam,f,2004,0.7590000033378601
nam,mf,2008,1.5520000457763672
nam,m,2008,0.8500000238418579
nam,f,2008,0.7020000219345093
nam,mf,2010,1.9490000009536743
nam,m,2010,1.1679999828338623
nam,f,2010,0.781000018119812
nam,mf,2011,3.3529999256134033
nam,m,2011,1.652999997138977
nam,f,2011,1.7000000476837158
nam,mf,2012,1.0160000324249268
nam,m,2012,0.8169999718666077
nam,f,2012,0.19900000095367432
nam,mf,2013,2.505000114440918
nam,m,2013,1.2120000123977661
nam,f,2013,1.2940000295639038
nld,mf,1996,0.7139999866485596
nld,m,1996,0.5260000228881836
nld,f,1996,0.18799999356269836
nld,mf,1997,1.0390000343322754
nld,m,1997,0.8489999771118164
nld,f,1997,0.1899999976158142
nld,mf,1998,1.2990000247955322
nld,m,1998,1.2990000247955322
nld,f,1998,0.0
nld,mf,1999,0.8320000171661377
nld,m,1999,0.8320000171661377
nld,f,1999,0.0
nld,mf,2000,19.106000900268555
nld,m,2000,6.736999988555908
nld,f,2000,12.369000434875488
nld,mf,2001,0.6320000290870667
nld,m,2001,0.0
nld,f,2001,0.6320000290870667
nld,mf,2002,2.3610000610351562
nld,m,2002,1.1720000505447388
nld,f,2002,1.190000057220459
nld,mf,2003,0.23399999737739563
nld,m,2003,0.0
nld,f,2003,0.23399999737739563
nld,mf,2005,1.2669999599456787
nld,m,2005,0.5040000081062317
nld,f,2005,0.7630000114440918
nld,mf,2006,0.671999990940094
nld,m,2006,0.3610000014305115
nld,f,2006,0.3109999895095825
nld,mf,2007,1.156999945640564
nld,m,2007,0.37599998712539673
nld,f,2007,0.781000018119812
nld,mf,2008,0.8320000171661377
nld,m,2008,0.32199999690055847
nld,f,2008,0.5109999775886536
nld,mf,2009,0.593999981880188
nld,m,2009,0.19599999487400055
nld,f,2009,0.39800000190734863
nld,mf,2010,0.7739999890327454
nld,m,2010,0.49799999594688416
nld,f,2010,0.2759999930858612
nld,mf,2011,0.33500000834465027
nld,m,2011,0.17800000309944153
nld,f,2011,0.15800000727176666
ant,mf,1991,0.75
ant,m,1991,0.47999998927116394
ant,f,1991,0.27000001072883606
ant,mf,1992,0.49399998784065247
ant,m,1992,0.27799999713897705
ant,f,1992,0.2160000056028366
ant,mf,1993,1.475000023841858
ant,m,1993,0.9240000247955322
ant,f,1993,0.5509999990463257
ant,mf,1994,1.1299999952316284
ant,m,1994,0.6150000095367432
ant,f,1994,0.5149999856948853
ant,mf,1995,0.7670000195503235
ant,m,1995,0.42399999499320984
ant,f,1995,0.34299999475479126
ant,mf,1996,1.0499999523162842
ant,m,1996,0.6779999732971191
ant,f,1996,0.3720000088214874
ant,mf,1997,1.503999948501587
ant,m,1997,0.6959999799728394
ant,f,1997,0.8080000281333923
ant,mf,1998,0.7149999737739563
ant,m,1998,0.4050000011920929
ant,f,1998,0.3100000023841858
ant,mf,2000,1.4049999713897705
ant,m,2000,0.7350000143051147
ant,f,2000,0.6700000166893005
ant,mf,2002,0.6029999852180481
ant,mf,2003,0.6420000195503235
ant,mf,2004,0.335999995470047
ant,mf,2005,0.4740000069141388
ant,mf,2006,0.17000000178813934
ant,mf,2007,0.22599999606609344
ant,mf,2009,0.42500001192092896
ant,m,2009,0.22499999403953552
ant,f,2009,0.20000000298023224
ant,mf,2011,0.7250000238418579
ant,m,2011,0.2619999945163727
ant,f,2011,0.4620000123977661
nic,mf,2005,0.18000000715255737
nic,m,2005,0.18000000715255737
nic,f,2005,0.0
nic,mf,2006,0.10499999672174454
nic,m,2006,0.0
nic,f,2006,0.10499999672174454
nic,mf,2007,0.210999995470047
nic,m,2007,0.210999995470047
nic,f,2007,0.0
nic,mf,2008,0.11299999803304672
nic,m,2008,0.11299999803304672
nic,f,2008,0.0
nic,mf,2010,0.656000018119812
nic,m,2010,0.45399999618530273
nic,f,2010,0.20200000703334808
ner,mf,2005,306.9079895019531
ner,m,2005,246.14199829101562
ner,f,2005,60.76599884033203
nor,mf,1995,7.26200008392334
nor,m,1995,5.9029998779296875
nor,f,1995,1.3589999675750732
nor,mf,1996,0.2809999883174896
nor,m,1996,0.15000000596046448
nor,f,1996,0.13099999725818634
nor,mf,1997,0.5569999814033508
nor,m,1997,0.3160000145435333
nor,f,1997,0.2409999966621399
nor,mf,1998,0.09099999815225601
nor,m,1998,0.09099999815225601
nor,f,1998,0.0
nor,mf,1999,0.5740000009536743
nor,m,1999,0.1340000033378601
nor,f,1999,0.4399999976158142
nor,mf,2000,0.7490000128746033
nor,m,2000,0.2619999945163727
nor,f,2000,0.4869999885559082
nor,mf,2001,7.89300012588501
nor,m,2001,3.5380001068115234
nor,f,2001,4.355000019073486
nor,mf,2002,7.816999912261963
nor,m,2002,3.8459999561309814
nor,f,2002,3.9709999561309814
nor,mf,2003,7.574999809265137
nor,m,2003,3.316999912261963
nor,f,2003,4.257999897003174
nor,mf,2004,3.1459999084472656
nor,m,2004,1.5740000009536743
nor,f,2004,1.5720000267028809
nor,mf,2005,3.556999921798706
nor,m,2005,1.3799999952316284
nor,f,2005,2.177000045776367
nor,mf,2006,1.5740000009536743
nor,m,2006,1.375
nor,f,2006,0.1979999989271164
nor,mf,2007,0.4699999988079071
nor,m,2007,0.42500001192092896
nor,f,2007,0.04500000178813934
nor,mf,2008,0.5450000166893005
nor,m,2008,0.2199999988079071
nor,f,2008,0.32499998807907104
nor,mf,2009,0.20800000429153442
nor,m,2009,0.13500000536441803
nor,f,2009,0.0729999989271164
nor,mf,2011,0.453000009059906
nor,m,2011,0.19900000095367432
nor,f,2011,0.2529999911785126
nor,mf,2012,0.37400001287460327
nor,m,2012,0.2750000059604645
nor,f,2012,0.0989999994635582
nor,mf,2013,1.0410000085830688
nor,m,2013,0.8730000257492065
nor,f,2013,0.1679999977350235
nor,mf,2014,0.8420000076293945
nor,m,2014,0.4580000042915344
nor,f,2014,0.3840000033378601
omn,mf,1993,3.2300000190734863
omn,m,1993,2.7739999294281006
omn,f,1993,0.4560000002384186
omn,mf,1996,1.340999960899353
omn,m,1996,1.00600004196167
omn,f,1996,0.33500000834465027
omn,mf,2000,2.2249999046325684
omn,m,2000,1.3359999656677246
omn,f,2000,0.8889999985694885
omn,mf,2010,2.5999999046325684
omn,m,2010,1.600000023841858
omn,f,2010,1.100000023841858
pry,mf,2002,3.6419999599456787
pry,m,2002,2.8529999256134033
pry,f,2002,0.7889999747276306
pry,mf,2005,0.26899999380111694
pry,m,2005,0.26899999380111694
pry,f,2005,0.0
pry,mf,2006,0.628000020980835
pry,m,2006,0.0
pry,f,2006,0.628000020980835
pry,mf,2007,0.5630000233650208
pry,m,2007,0.18199999630451202
pry,f,2007,0.38100001215934753
pry,mf,2008,3.0360000133514404
pry,m,2008,0.9470000267028809
pry,f,2008,2.0889999866485596
pry,mf,2009,5.111000061035156
pry,m,2009,2.746999979019165
pry,f,2009,2.364000082015991
pry,mf,2010,3.375999927520752
pry,m,2010,1.5219999551773071
pry,f,2010,1.8539999723434448
pry,mf,2013,2.6740000247955322
pry,m,2013,1.2979999780654907
pry,f,2013,1.3760000467300415
pry,mf,2014,0.35600000619888306
pry,m,2014,0.35600000619888306
pry,f,2014,0.0
per,mf,1990,8.300000190734863
per,m,1990,0.0
per,f,1990,8.300000190734863
per,mf,1991,1.600000023841858
per,m,1991,0.8999999761581421
per,f,1991,0.800000011920929
per,mf,1992,2.0
per,m,1992,1.2000000476837158
per,f,1992,0.800000011920929
per,mf,1993,4.300000190734863
per,m,1993,3.0999999046325684
per,f,1993,1.2000000476837158
per,mf,1994,4.599999904632568
per,m,1994,2.5
per,f,1994,2.0999999046325684
per,mf,1995,7.0
per,m,1995,2.0
per,f,1995,5.0
per,mf,1996,268.29998779296875
per,m,1996,34.70000076293945
per,f,1996,233.60000610351562
per,mf,1997,315.20001220703125
per,m,1997,37.20000076293945
per,f,1997,278.0
per,mf,1998,339.1000061035156
per,m,1998,30.799999237060547
per,f,1998,308.29998779296875
per,mf,1999,395.70001220703125
per,m,1999,33.099998474121094
per,f,1999,362.6000061035156
per,mf,2000,522.5999755859375
per,m,2000,136.5
per,f,2000,386.20001220703125
per,mf,2001,420.20001220703125
per,m,2001,45.0
per,f,2001,375.20001220703125
per,mf,2002,5.699999809265137
per,m,2002,2.700000047683716
per,f,2002,3.0
per,mf,2003,1.600000023841858
per,m,2003,0.6000000238418579
per,f,2003,1.0
prt,mf,1994,0.2750000059604645
prt,m,1994,0.2750000059604645
prt,f,1994,0.0
prt,mf,1998,44.137001037597656
prt,m,1998,18.858999252319336
prt,f,1998,25.277999877929688
prt,mf,1999,41.915000915527344
prt,m,1999,19.91699981689453
prt,f,1999,21.999000549316406
prt,mf,2000,67.7020034790039
prt,m,2000,27.44099998474121
prt,f,2000,40.26100158691406
qat,mf,1997,0.10499999672174454
qat,m,1997,0.08699999749660492
qat,f,1997,0.017999999225139618
qat,mf,2004,0.1599999964237213
qat,m,2004,0.1599999964237213
qat,f,2004,0.0
qat,mf,2013,2.5320000648498535
qat,m,2013,1.4179999828338623
qat,f,2013,1.1139999628067017
reu,mf,2007,2.5999999046325684
reu,mf,2008,2.700000047683716
rwa,mf,1996,40.900001525878906
rwa,m,1996,21.600000381469727
rwa,f,1996,19.299999237060547
rwa,mf,2002,71.4469985961914
rwa,m,2002,34.4370002746582
rwa,f,2002,37.0099983215332
rwa,mf,2012,153.7259979248047
rwa,m,2012,75.40899658203125
rwa,f,2012,78.31700134277344
kna,mf,1991,0.3799999952316284
kna,m,1991,0.23000000417232513
kna,f,1991,0.14000000059604645
kna,mf,2001,0.5059999823570251
kna,m,2001,0.3019999861717224
kna,f,2001,0.20399999618530273
lca,mf,1993,1.3899999856948853
lca,m,1993,1.0099999904632568
lca,f,1993,0.3700000047683716
lca,mf,1994,0.6899999976158142
lca,m,1994,0.5600000023841858
lca,f,1994,0.11999999731779099
lca,mf,1995,0.14000000059604645
lca,m,1995,0.07999999821186066
lca,f,1995,0.05999999865889549
lca,mf,1996,1.4600000381469727
lca,m,1996,0.8700000047683716
lca,f,1996,0.5899999737739563
lca,mf,1997,1.4249999523162842
lca,m,1997,0.9049999713897705
lca,f,1997,0.5199999809265137
lca,mf,1998,1.100000023841858
lca,m,1998,0.7749999761581421
lca,f,1998,0.32499998807907104
lca,mf,1999,1.149999976158142
lca,m,1999,0.6549999713897705
lca,f,1999,0.5950000286102295
lca,mf,2000,1.2450000047683716
lca,m,2000,0.8349999785423279
lca,f,2000,0.30000001192092896
vct,mf,1980,0.19099999964237213
vct,m,1980,0.12399999797344208
vct,f,1980,0.06700000166893005
vct,mf,1991,0.07000000029802322
vct,m,1991,0.04800000041723251
vct,f,1991,0.02199999988079071
vct,mf,2001,0.5950000286102295
vct,mf,2008,2.1419999599456787
vct,m,2008,1.5499999523162842
vct,f,2008,0.9150000214576721
wsm,mf,2012,0.03999999910593033
wsm,m,2012,0.03999999910593033
wsm,f,2012,0.0
smr,mf,1995,0.7699999809265137
smr,m,1995,0.5929999947547913
smr,f,1995,0.1770000010728836
smr,mf,1996,0.7160000205039978
smr,m,1996,0.5559999942779541
smr,f,1996,0.1599999964237213
smr,mf,1997,0.7409999966621399
smr,m,1997,0.5709999799728394
smr,f,1997,0.17000000178813934
smr,mf,1998,0.7049999833106995
smr,m,1998,0.546999990940094
smr,f,1998,0.15800000727176666
smr,mf,1999,0.6570000052452087
smr,m,1999,0.49799999594688416
smr,f,1999,0.1589999943971634
stp,mf,1991,0.43299999833106995
stp,m,1991,0.29899999499320984
stp,f,1991,0.1340000033378601
sau,mf,2009,4.947000026702881
sau,m,2009,3.4059998989105225
sau,f,2009,1.5410000085830688
sau,mf,2013,9.793999671936035
sau,m,2013,9.454999923706055
sau,f,2013,0.33899998664855957
sen,mf,1991,131.21499633789062
sen,m,1991,113.08799743652344
sen,f,1991,18.12700080871582
sen,mf,2001,20.384000778198242
sen,m,2001,11.37399959564209
sen,f,2001,9.01099967956543
sen,mf,2011,730.22802734375
sen,m,2011,433.3949890136719
sen,f,2011,296.8340148925781
syc,mf,1987,1.399999976158142
syc,m,1987,0.800000011920929
syc,f,1987,0.6000000238418579
syc,mf,2011,0.23999999463558197
syc,m,2011,0.07999999821186066
syc,f,2011,0.1589999943971634
svk,mf,1994,0.10000000149011612
svk,m,1994,0.10000000149011612
svk,f,1994,0.0
svk,mf,1996,0.10000000149011612
svk,m,1996,0.10000000149011612
svk,f,1996,0.0
svk,mf,1997,0.800000011920929
svk,m,1997,0.30000001192092896
svk,f,1997,0.5
svk,mf,1998,2.928999900817871
svk,m,1998,1.0740000009536743
svk,f,1998,1.8550000190734863
svk,mf,1999,1.8320000171661377
svk,m,1999,0.3269999921321869
svk,f,1999,1.50600004196167
svk,mf,2000,2.5999999046325684
svk,m,2000,0.18299999833106995
svk,f,2000,2.4170000553131104
svk,mf,2001,2.187999963760376
svk,m,2001,0.49300000071525574
svk,f,2001,1.6950000524520874
svk,mf,2002,2.489000082015991
svk,m,2002,0.16699999570846558
svk,f,2002,2.322999954223633
svk,mf,2003,5.541999816894531
svk,m,2003,1.2369999885559082
svk,f,2003,4.304999828338623
svk,mf,2004,5.041999816894531
svk,m,2004,1.1759999990463257
svk,f,2004,3.865999937057495
svk,mf,2005,7.8520002365112305
svk,m,2005,1.3569999933242798
svk,f,2005,6.494999885559082
svk,mf,2006,9.623000144958496
svk,m,2006,2.450000047683716
svk,f,2006,7.172999858856201
svk,mf,2007,10.093999862670898
svk,m,2007,2.4079999923706055
svk,f,2007,7.685999870300293
svk,mf,2008,4.4039998054504395
svk,m,2008,0.7940000295639038
svk,f,2008,3.609999895095825
svk,mf,2009,0.30000001192092896
svk,m,2009,0.0729999989271164
svk,f,2009,0.2280000001192093
svk,mf,2010,0.30300000309944153
svk,m,2010,0.24300000071525574
svk,f,2010,0.05900000035762787
zaf,mf,2007,33.0
zaf,m,2007,18.0
zaf,f,2007,14.0
zaf,mf,2008,0.0
zaf,m,2008,0.0
zaf,f,2008,0.0
esp,mf,1986,68.5530014038086
esp,m,1986,49.97999954223633
esp,f,1986,18.572999954223633
esp,mf,1987,42.23899841308594
esp,m,1987,24.600000381469727
esp,f,1987,17.638999938964844
esp,mf,1988,26.30900001525879
esp,m,1988,14.756999969482422
esp,f,1988,11.552000045776367
esp,mf,1989,23.316999435424805
esp,m,1989,13.267999649047852
esp,f,1989,10.050000190734863
esp,mf,1990,31.37299919128418
esp,m,1990,20.08099937438965
esp,f,1990,11.291999816894531
esp,mf,1991,38.641998291015625
esp,m,1991,22.999000549316406
esp,f,1991,15.644000053405762
esp,mf,1992,116.39900207519531
esp,m,1992,59.62799835205078
esp,f,1992,56.770999908447266
esp,mf,1993,63.94599914550781
esp,m,1993,26.88800048828125
esp,f,1993,37.05799865722656
esp,mf,1994,30.968000411987305
esp,m,1994,17.739999771118164
esp,f,1994,13.22700023651123
esp,mf,1995,31.365999221801758
esp,m,1995,17.711999893188477
esp,f,1995,13.654000282287598
esp,mf,1996,30.33799934387207
esp,m,1996,13.984999656677246
esp,f,1996,16.35300064086914
esp,mf,1997,27.677000045776367
esp,m,1997,11.42199993133545
esp,f,1997,16.2549991607666
esp,mf,1998,23.238000869750977
esp,m,1998,8.96500015258789
esp,f,1998,14.27299976348877
esp,mf,1999,17.631000518798828
esp,m,1999,11.717000007629395
esp,f,1999,5.914000034332275
esp,mf,2000,17.101999282836914
esp,m,2000,9.972000122070312
esp,f,2000,7.129000186920166
esp,mf,2001,19.091999053955078
esp,m,2001,13.133999824523926
esp,f,2001,5.958000183105469
esp,mf,2002,24.23200035095215
esp,m,2002,11.843999862670898
esp,f,2002,12.38700008392334
esp,mf,2003,17.731000900268555
esp,m,2003,11.086000442504883
esp,f,2003,6.644999980926514
esp,mf,2004,15.33899974822998
esp,m,2004,8.673999786376953
esp,f,2004,6.664999961853027
esp,mf,2005,26.06599998474121
esp,m,2005,15.545999526977539
esp,f,2005,10.520000457763672
esp,mf,2006,17.80699920654297
esp,m,2006,11.003000259399414
esp,f,2006,6.803999900817871
esp,mf,2007,9.213000297546387
esp,m,2007,6.209000110626221
esp,f,2007,3.003999948501587
esp,mf,2008,12.14900016784668
esp,m,2008,8.324999809265137
esp,f,2008,3.8239998817443848
esp,mf,2009,10.730999946594238
esp,m,2009,8.10099983215332
esp,f,2009,2.630000114440918
esp,mf,2010,9.229999542236328
esp,m,2010,6.364999771118164
esp,f,2010,2.864000082015991
esp,mf,2011,7.7220001220703125
esp,m,2011,3.8429999351501465
esp,f,2011,3.878999948501587
esp,mf,2012,8.220000267028809
esp,m,2012,3.5959999561309814
esp,f,2012,4.624000072479248
esp,mf,2013,9.194999694824219
esp,m,2013,2.740000009536743
esp,f,2013,6.454999923706055
esp,mf,2014,7.314000129699707
esp,m,2014,4.614999771118164
esp,f,2014,2.6989998817443848
sur,mf,1993,0.9900000095367432
sur,mf,1994,2.819999933242798
sur,mf,1995,2.861999988555908
sur,m,1995,2.0850000381469727
sur,f,1995,0.7770000100135803
sur,mf,1996,1.7380000352859497
sur,m,1996,1.1319999694824219
sur,f,1996,0.6060000061988831
sur,mf,1997,3.3450000286102295
sur,m,1997,2.174999952316284
sur,f,1997,1.1699999570846558
sur,mf,1998,1.5789999961853027
sur,m,1998,0.9700000286102295
sur,f,1998,0.609000027179718
sur,mf,2013,0.1979999989271164
sur,m,2013,0.06400000303983688
sur,f,2013,0.13500000536441803
swz,mf,1997,2.617000102996826
swz,m,1997,1.3220000267028809
swz,f,1997,1.2949999570846558
swe,mf,1999,0.3149999976158142
swe,m,1999,0.3149999976158142
swe,f,1999,0.0
swe,mf,2000,0.43700000643730164
swe,m,2000,0.43700000643730164
swe,f,2000,0.0
swe,mf,2002,0.17800000309944153
swe,m,2002,0.09799999743700027
swe,f,2002,0.07900000363588333
swe,mf,2003,0.25999999046325684
swe,m,2003,0.12600000202655792
swe,f,2003,0.1340000033378601
swe,mf,2004,0.14100000262260437
swe,m,2004,0.14100000262260437
swe,f,2004,0.0
swe,mf,2005,0.28299999237060547
swe,m,2005,0.28299999237060547
swe,f,2005,0.0
swe,mf,2006,0.12800000607967377
swe,m,2006,0.05700000002980232
swe,f,2006,0.07100000232458115
swe,mf,2007,0.05900000035762787
swe,m,2007,0.05900000035762787
swe,f,2007,0.0
swe,mf,2008,0.07900000363588333
swe,m,2008,0.07900000363588333
swe,f,2008,0.0
swe,mf,2009,0.15000000596046448
swe,m,2009,0.07900000363588333
swe,f,2009,0.07100000232458115
swe,mf,2010,0.2329999953508377
swe,m,2010,0.2329999953508377
swe,f,2010,0.0
swe,mf,2011,0.05000000074505806
swe,m,2011,0.05000000074505806
swe,f,2011,0.0
swe,mf,2012,0.12800000607967377
swe,m,2012,0.12800000607967377
swe,f,2012,0.0
swe,mf,2013,0.04100000113248825
swe,m,2013,0.026000000536441803
swe,f,2013,0.014999999664723873
swe,mf,2014,0.1770000010728836
swe,m,2014,0.1770000010728836
swe,f,2014,0.0
syr,mf,2006,16.54599952697754
syr,m,2006,14.947999954223633
syr,f,2006,1.597000002861023
syr,mf,2007,11.534000396728516
syr,m,2007,10.355999946594238
syr,f,2007,1.1770000457763672
syr,mf,2008,0.4580000042915344
syr,m,2008,0.11699999868869781
syr,f,2008,0.3409999907016754
tza,mf,2013,1539.68505859375
tza,m,2013,719.9180297851562
tza,f,2013,819.7670288085938
tha,mf,2003,0.800000011920929
tha,m,2003,0.30000001192092896
tha,f,2003,0.5
tha,mf,2004,0.20000000298023224
tha,m,2004,0.0
tha,f,2004,0.20000000298023224
tls,mf,2010,0.9580000042915344
tls,m,2010,0.6940000057220459
tls,f,2010,0.2639999985694885
ton,mf,1996,0.07100000232458115
ton,m,1996,0.028999999165534973
ton,f,1996,0.041999999433755875
tto,mf,1987,4.099999904632568
tto,m,1987,3.0
tto,f,1987,1.100000023841858
tto,mf,1988,5.099999904632568
tto,m,1988,3.700000047683716
tto,f,1988,1.399999976158142
tto,mf,1989,3.9000000953674316
tto,m,1989,3.0
tto,f,1989,0.8999999761581421
tto,mf,1990,2.799999952316284
tto,m,1990,2.5999999046325684
tto,f,1990,0.20000000298023224
tto,mf,1991,3.5
tto,m,1991,2.9000000953674316
tto,f,1991,0.6000000238418579
tto,mf,1992,3.9000000953674316
tto,m,1992,2.9000000953674316
tto,f,1992,1.0
tto,mf,1993,4.900000095367432
tto,m,1993,3.9000000953674316
tto,f,1993,1.0
tto,mf,1994,4.900000095367432
tto,m,1994,3.4000000953674316
tto,f,1994,1.5
tto,mf,1995,5.699999809265137
tto,m,1995,4.400000095367432
tto,f,1995,1.2999999523162842
tto,mf,1996,5.5
tto,m,1996,4.199999809265137
tto,f,1996,1.2999999523162842
tto,mf,1997,6.900000095367432
tto,m,1997,4.900000095367432
tto,f,1997,2.0
tto,mf,1998,5.599999904632568
tto,m,1998,4.599999904632568
tto,f,1998,1.0
tto,mf,1999,4.900000095367432
tto,m,1999,3.5
tto,f,1999,1.399999976158142
tto,mf,2000,4.400000095367432
tto,m,2000,3.4000000953674316
tto,f,2000,1.0
tto,mf,2001,4.400000095367432
tto,m,2001,3.200000047683716
tto,f,2001,1.2000000476837158
tto,mf,2002,4.900000095367432
tto,m,2002,3.4000000953674316
tto,f,2002,1.5
tto,mf,2003,4.199999809265137
tto,m,2003,3.0
tto,f,2003,1.2000000476837158
tto,mf,2004,5.699999809265137
tto,m,2004,3.700000047683716
tto,f,2004,2.0
tto,mf,2005,5.199999809265137
tto,m,2005,2.700000047683716
tto,f,2005,2.5
tto,mf,2009,6.800000190734863
tto,m,2009,3.5999999046325684
tto,f,2009,3.200000047683716
tto,mf,2010,6.199999809265137
tto,m,2010,3.4000000953674316
tto,f,2010,2.799999952316284
tto,mf,2013,6.099999904632568
tto,m,2013,3.3499999046325684
tto,f,2013,2.75
tun,mf,1989,15.5
tun,m,1989,14.300000190734863
tun,f,1989,1.2000000476837158
tun,mf,1994,14.791000366210938
tun,m,1994,9.897000312805176
tun,f,1994,4.894000053405762
tun,mf,1999,11.699999809265137
tun,mf,2000,23.399999618530273
tun,mf,2001,1.7999999523162842
tun,mf,2002,2.5999999046325684
tun,mf,2003,5.400000095367432
tun,mf,2004,21.600000381469727
tun,mf,2005,7.0
tun,m,2005,6.5
tun,f,2005,0.5
tun,mf,2007,5.5
tun,m,2007,0.20000000298023224
tun,f,2007,5.300000190734863
tun,mf,2008,27.600000381469727
tun,m,2008,5.0
tun,f,2008,22.600000381469727
tun,mf,2010,1.2000000476837158
tun,m,2010,0.8999999761581421
tun,f,2010,0.30000001192092896
tun,mf,2011,1.399999976158142
tun,m,2011,1.100000023841858
tun,f,2011,0.30000001192092896
tun,mf,2013,5.099999904632568
tuv,mf,2002,0.003000000026077032
tuv,m,2002,0.003000000026077032
tuv,f,2002,0.0
uga,mf,2005,55.99700164794922
uga,mf,2013,26.541000366210938
uga,m,2013,8.956999778747559
uga,f,2013,17.583999633789062
are,mf,2005,0.6050000190734863
are,m,2005,0.4970000088214874
are,f,2005,0.1080000028014183
gbr,mf,1983,66.67900085449219
gbr,m,1983,41.17599868774414
gbr,f,1983,25.50200080871582
gbr,mf,1984,33.36399841308594
gbr,m,1984,18.61199951171875
gbr,f,1984,14.751999855041504
gbr,mf,1985,7.480000019073486
gbr,m,1985,4.388999938964844
gbr,f,1985,3.0920000076293945
gbr,mf,1986,2.8480000495910645
gbr,m,1986,1.7000000476837158
gbr,f,1986,1.1490000486373901
gbr,mf,1987,79.83300018310547
gbr,m,1987,47.345001220703125
gbr,f,1987,32.487998962402344
gbr,mf,1988,99.79900360107422
gbr,m,1988,64.9469985961914
gbr,f,1988,34.85200119018555
gbr,mf,1989,257.56298828125
gbr,m,1989,179.11099243164062
gbr,f,1989,78.4520034790039
gbr,mf,1990,270.5790100097656
gbr,m,1990,184.6699981689453
gbr,f,1990,85.90899658203125
gbr,mf,1991,264.0400085449219
gbr,m,1991,170.66799926757812
gbr,f,1991,93.37100219726562
gbr,mf,1992,127.76499938964844
gbr,m,1992,92.74400329589844
gbr,f,1992,35.020999908447266
gbr,mf,1993,121.04000091552734
gbr,m,1993,83.83399963378906
gbr,f,1993,37.20600128173828
gbr,mf,1994,116.15399932861328
gbr,m,1994,80.1510009765625
gbr,f,1994,36.00299835205078
gbr,mf,1995,90.00399780273438
gbr,m,1995,64.81900024414062
gbr,f,1995,25.184999465942383
gbr,mf,1996,87.92900085449219
gbr,m,1996,60.68600082397461
gbr,f,1996,27.243000030517578
gbr,mf,1997,60.8650016784668
gbr,m,1997,39.922000885009766
gbr,f,1997,20.94300079345703
gbr,mf,1998,60.111000061035156
gbr,m,1998,45.57699966430664
gbr,f,1998,14.534000396728516
gbr,mf,1999,52.016998291015625
gbr,m,1999,33.83300018310547
gbr,f,1999,18.18400001525879
gbr,mf,2000,37.76100158691406
gbr,m,2000,22.61400032043457
gbr,f,2000,15.147000312805176
gbr,mf,2001,45.755001068115234
gbr,m,2001,32.332000732421875
gbr,f,2001,13.42300033569336
gbr,mf,2002,35.03099822998047
gbr,m,2002,19.8700008392334
gbr,f,2002,15.16100025177002
gbr,mf,2003,32.435001373291016
gbr,m,2003,18.690000534057617
gbr,f,2003,13.744999885559082
gbr,mf,2004,49.20100021362305
gbr,m,2004,32.611000061035156
gbr,f,2004,16.59000015258789
gbr,mf,2005,43.13199996948242
gbr,m,2005,25.982999801635742
gbr,f,2005,17.14900016784668
gbr,mf,2006,37.3390007019043
gbr,m,2006,22.812999725341797
gbr,f,2006,14.526000022888184
gbr,mf,2007,46.82400131225586
gbr,m,2007,23.69700050354004
gbr,f,2007,23.12700080871582
gbr,mf,2008,62.8120002746582
gbr,m,2008,38.47999954223633
gbr,f,2008,24.332000732421875
gbr,mf,2009,66.54399871826172
gbr,m,2009,38.46699905395508
gbr,f,2009,28.07699966430664
gbr,mf,2010,86.51599884033203
gbr,m,2010,52.07500076293945
gbr,f,2010,34.44200134277344
gbr,mf,2011,66.15599822998047
gbr,m,2011,38.02199935913086
gbr,f,2011,28.132999420166016
gbr,mf,2012,134.41900634765625
gbr,m,2012,90.09100341796875
gbr,f,2012,44.32899856567383
gbr,mf,2013,147.5679931640625
gbr,m,2013,97.677001953125
gbr,f,2013,49.89099884033203
gbr,mf,2014,106.46600341796875
gbr,m,2014,66.2770004272461
gbr,f,2014,40.189998626708984
ury,mf,1998,2.9000000953674316
ury,m,1998,0.699999988079071
ury,f,1998,2.0999999046325684
ury,mf,1999,2.0999999046325684
ury,m,1999,0.6000000238418579
ury,f,1999,1.5
ury,mf,2000,1.899999976158142
ury,m,2000,0.5
ury,f,2000,1.399999976158142
ury,mf,2006,2.0
ury,m,2006,0.0
ury,f,2006,1.600000023841858
ury,mf,2007,3.0999999046325684
ury,m,2007,0.800000011920929
ury,f,2007,2.299999952316284
ury,mf,2008,2.247999906539917
ury,m,2008,1.684999942779541
ury,f,2008,0.5619999766349792
ury,mf,2009,2.688999891281128
ury,m,2009,1.6619999408721924
ury,f,2009,1.0260000228881836
ury,mf,2010,2.009000062942505
ury,m,2010,0.5230000019073486
ury,f,2010,1.4850000143051147
ury,mf,2011,1.9989999532699585
ury,m,2011,0.6710000038146973
ury,f,2011,1.3279999494552612
ury,mf,2012,2.068000078201294
ury,m,2012,0.7300000190734863
ury,f,2012,1.3380000591278076
ury,mf,2013,2.263000011444092
ury,m,2013,0.7009999752044678
ury,f,2013,1.562000036239624
vut,mf,2009,1.9709999561309814
vut,m,2009,1.2319999933242798
vut,f,2009,0.7390000224113464
ven,mf,2013,709.4580078125
ven,m,2013,505.7279968261719
ven,f,2013,203.72999572753906
vnm,mf,1996,137.1999969482422
vnm,m,1996,77.9000015258789
vnm,f,1996,59.20000076293945
vnm,mf,1997,117.9000015258789
vnm,m,1997,56.099998474121094
vnm,f,1997,61.900001525878906
vnm,mf,1998,65.0
vnm,m,1998,28.5
vnm,f,1998,36.5
vnm,mf,1999,271.0
vnm,m,1999,131.60000610351562
vnm,f,1999,139.39999389648438
vnm,mf,2000,499.1000061035156
vnm,m,2000,209.3000030517578
vnm,f,2000,289.70001220703125
vnm,mf,2001,564.2999877929688
vnm,m,2001,252.5
vnm,f,2001,311.79998779296875
vnm,mf,2002,343.3999938964844
vnm,m,2002,145.1999969482422
vnm,f,2002,198.1999969482422
vnm,mf,2003,326.29998779296875
vnm,m,2003,153.1999969482422
vnm,f,2003,173.10000610351562
vnm,mf,2004,1.2999999523162842
vnm,m,2004,0.699999988079071
vnm,f,2004,0.699999988079071
vnm,mf,2012,26.399999618530273
vnm,m,2012,9.75
vnm,f,2012,16.600000381469727
vnm,mf,2013,9.104000091552734
vnm,m,2013,3.36899995803833
vnm,f,2013,5.735000133514404
pse,mf,2002,0.4350000023841858
pse,m,2002,0.3959999978542328
pse,f,2002,0.03799999877810478
pse,mf,2003,0.18799999356269836
pse,m,2003,0.16599999368190765
pse,f,2003,0.020999999716877937
pse,mf,2008,0.1459999978542328
pse,m,2008,0.11100000143051147
pse,f,2008,0.03500000014901161
yem,mf,2005,68.69999694824219
yem,m,2005,37.869998931884766
yem,f,2005,30.829999923706055
zmb,mf,1980,17.156999588012695
zmb,m,1980,6.375999927520752
zmb,f,1980,10.781000137329102
zmb,mf,1990,53.3129997253418
zmb,m,1990,31.327999114990234
zmb,f,1990,21.985000610351562
zmb,mf,1991,130.3090057373047
zmb,m,1991,65.84700012207031
zmb,f,1991,64.46199798583984
zmb,mf,1996,22.027999877929688
zmb,m,1996,17.81999969482422
zmb,f,1996,4.208000183105469
zmb,mf,1998,18.0
zmb,m,1998,11.5649995803833
zmb,f,1998,6.434999942779541
zmb,mf,2003,68.5790023803711
zmb,mf,2008,25.167999267578125
zmb,mf,2010,73.0
zmb,mf,2012,16.660999298095703
zmb,m,2012,8.684000015258789
zmb,f,2012,7.9770002365112305
zwe,mf,2011,5.295000076293945
zwe,m,2011,2.7950000762939453
zwe,f,2011,2.5
